id,country,state,city,station,last_update,pollutant_id,pollutant_min,pollutant_max,pollutant_avg,pollutant_unit
1,India,Andhra_Pradesh,Amaravati,"Secretariat, Amaravati - APPCB",2018-06-27T02:00:00Z,PM2.5,17,44,28,NA
2,India,Andhra_Pradesh,Amaravati,"Secretariat, Amaravati - APPCB",2018-06-27T02:00:00Z,PM10,28,81,48,NA
3,India,Andhra_Pradesh,Amaravati,"Secretariat, Amaravati - APPCB",2018-06-27T02:00:00Z,NO2,4,35,11,NA
4,India,Andhra_Pradesh,Amaravati,"Secretariat, Amaravati - APPCB",2018-06-27T02:00:00Z,NH3,1,3,2,NA
5,India,Andhra_Pradesh,Amaravati,"Secretariat, Amaravati - APPCB",2018-06-27T02:00:00Z,SO2,6,14,9,NA
6,India,Andhra_Pradesh,Amaravati,"Secretariat, Amaravati - APPCB",2018-06-27T02:00:00Z,CO,8,43,21,NA
7,India,Andhra_Pradesh,Amaravati,"Secretariat, Amaravati - APPCB",2018-06-27T02:00:00Z,OZONE,23,78,52,NA
8,India,Andhra_Pradesh,Rajamahendravaram,"Anand Kala Kshetram, Rajamahendravaram - APPCB",2018-06-27T02:00:00Z,PM2.5,14,69,30,NA
9,India,Andhra_Pradesh,Rajamahendravaram,"Anand Kala Kshetram, Rajamahendravaram - APPCB",2018-06-27T02:00:00Z,PM10,30,103,59,NA
10,India,Andhra_Pradesh,Rajamahendravaram,"Anand Kala Kshetram, Rajamahendravaram - APPCB",2018-06-27T02:00:00Z,NO2,10,73,22,NA
11,India,Andhra_Pradesh,Rajamahendravaram,"Anand Kala Kshetram, Rajamahendravaram - APPCB",2018-06-27T02:00:00Z,NH3,1,5,3,NA
12,India,Andhra_Pradesh,Rajamahendravaram,"Anand Kala Kshetram, Rajamahendravaram - APPCB",2018-06-27T02:00:00Z,SO2,4,17,9,NA
13,India,Andhra_Pradesh,Rajamahendravaram,"Anand Kala Kshetram, Rajamahendravaram - APPCB",2018-06-27T02:00:00Z,CO,22,113,51,NA
14,India,Andhra_Pradesh,Rajamahendravaram,"Anand Kala Kshetram, Rajamahendravaram - APPCB",2018-06-27T02:00:00Z,OZONE,19,77,43,NA
15,India,Andhra_Pradesh,Tirupati,"Tirumala, Tirupati - APPCB",2018-06-27T02:00:00Z,PM2.5,17,36,24,NA
16,India,Andhra_Pradesh,Tirupati,"Tirumala, Tirupati - APPCB",2018-06-27T02:00:00Z,PM10,44,103,62,NA
17,India,Andhra_Pradesh,Tirupati,"Tirumala, Tirupati - APPCB",2018-06-27T02:00:00Z,NO2,11,57,36,NA
18,India,Andhra_Pradesh,Tirupati,"Tirumala, Tirupati - APPCB",2018-06-27T02:00:00Z,NH3,1,2,1,NA
19,India,Andhra_Pradesh,Tirupati,"Tirumala, Tirupati - APPCB",2018-06-27T02:00:00Z,SO2,2,4,3,NA
20,India,Andhra_Pradesh,Tirupati,"Tirumala, Tirupati - APPCB",2018-06-27T02:00:00Z,CO,8,31,13,NA
21,India,Andhra_Pradesh,Tirupati,"Tirumala, Tirupati - APPCB",2018-06-27T02:00:00Z,OZONE,10,20,18,NA
22,India,Andhra_Pradesh,Vijayawada,"PWD Grounds, Vijayawada - APPCB",2018-06-27T02:00:00Z,PM2.5,12,45,28,NA
23,India,Andhra_Pradesh,Vijayawada,"PWD Grounds, Vijayawada - APPCB",2018-06-27T02:00:00Z,PM10,27,83,53,NA
24,India,Andhra_Pradesh,Vijayawada,"PWD Grounds, Vijayawada - APPCB",2018-06-27T02:00:00Z,NO2,9,10,9,NA
25,India,Andhra_Pradesh,Vijayawada,"PWD Grounds, Vijayawada - APPCB",2018-06-27T02:00:00Z,NH3,2,3,2,NA
26,India,Andhra_Pradesh,Vijayawada,"PWD Grounds, Vijayawada - APPCB",2018-06-27T02:00:00Z,SO2,11,19,15,NA
27,India,Andhra_Pradesh,Vijayawada,"PWD Grounds, Vijayawada - APPCB",2018-06-27T02:00:00Z,CO,13,60,45,NA
28,India,Andhra_Pradesh,Vijayawada,"PWD Grounds, Vijayawada - APPCB",2018-06-27T02:00:00Z,OZONE,9,9,9,NA
29,India,Andhra_Pradesh,Visakhapatnam,"GVM Corporation, Visakhapatnam - APPCB",2018-06-27T02:00:00Z,PM2.5,27,75,48,NA
30,India,Andhra_Pradesh,Visakhapatnam,"GVM Corporation, Visakhapatnam - APPCB",2018-06-27T02:00:00Z,PM10,54,171,105,NA
31,India,Andhra_Pradesh,Visakhapatnam,"GVM Corporation, Visakhapatnam - APPCB",2018-06-27T02:00:00Z,NO2,36,93,58,NA
32,India,Andhra_Pradesh,Visakhapatnam,"GVM Corporation, Visakhapatnam - APPCB",2018-06-27T02:00:00Z,NH3,2,6,2,NA
33,India,Andhra_Pradesh,Visakhapatnam,"GVM Corporation, Visakhapatnam - APPCB",2018-06-27T02:00:00Z,SO2,2,32,16,NA
34,India,Andhra_Pradesh,Visakhapatnam,"GVM Corporation, Visakhapatnam - APPCB",2018-06-27T02:00:00Z,CO,5,58,39,NA
35,India,Andhra_Pradesh,Visakhapatnam,"GVM Corporation, Visakhapatnam - APPCB",2018-06-27T02:00:00Z,OZONE,4,34,13,NA
36,India,Bihar,Gaya,"Collectorate, Gaya - BSPCB",2018-06-27T02:00:00Z,PM2.5,20,144,74,NA
37,India,Bihar,Gaya,"Collectorate, Gaya - BSPCB",2018-06-27T02:00:00Z,NO2,21,66,45,NA
38,India,Bihar,Gaya,"Collectorate, Gaya - BSPCB",2018-06-27T02:00:00Z,SO2,16,21,18,NA
39,India,Bihar,Gaya,"Collectorate, Gaya - BSPCB",2018-06-27T02:00:00Z,CO,49,85,71,NA
40,India,Bihar,Gaya,"Collectorate, Gaya - BSPCB",2018-06-27T02:00:00Z,OZONE,27,73,39,NA
41,India,Bihar,Muzaffarpur,"Muzaffarpur Collectorate,Muzaffarpur - BSPCB",2018-06-27T02:00:00Z,PM2.5,18,90,62,NA
42,India,Bihar,Muzaffarpur,"Muzaffarpur Collectorate,Muzaffarpur - BSPCB",2018-06-27T02:00:00Z,NO2,51,95,72,NA
43,India,Bihar,Muzaffarpur,"Muzaffarpur Collectorate,Muzaffarpur - BSPCB",2018-06-27T02:00:00Z,SO2,20,116,97,NA
44,India,Bihar,Muzaffarpur,"Muzaffarpur Collectorate,Muzaffarpur - BSPCB",2018-06-27T02:00:00Z,CO,22,90,37,NA
45,India,Bihar,Muzaffarpur,"Muzaffarpur Collectorate,Muzaffarpur - BSPCB",2018-06-27T02:00:00Z,OZONE,79,229,125,NA
46,India,Bihar,Patna,"IGSC Planetarium Complex, Patna - BSPCB",2018-06-27T02:00:00Z,PM2.5,42,168,80,NA
47,India,Bihar,Patna,"IGSC Planetarium Complex, Patna - BSPCB",2018-06-27T02:00:00Z,NO2,31,90,51,NA
48,India,Bihar,Patna,"IGSC Planetarium Complex, Patna - BSPCB",2018-06-27T02:00:00Z,SO2,45,71,53,NA
49,India,Bihar,Patna,"IGSC Planetarium Complex, Patna - BSPCB",2018-06-27T02:00:00Z,CO,1,72,32,NA
50,India,Bihar,Patna,"IGSC Planetarium Complex, Patna - BSPCB",2018-06-27T02:00:00Z,OZONE,41,134,62,NA
51,India,Delhi,Delhi,"Anand Vihar, Delhi - DPCC",2018-06-27T02:00:00Z,PM2.5,NA,NA,NA,NA
52,India,Delhi,Delhi,"Anand Vihar, Delhi - DPCC",2018-06-27T02:00:00Z,PM10,NA,NA,NA,NA
53,India,Delhi,Delhi,"Anand Vihar, Delhi - DPCC",2018-06-27T02:00:00Z,SO2,NA,NA,NA,NA
54,India,Delhi,Delhi,"Anand Vihar, Delhi - DPCC",2018-06-27T02:00:00Z,CO,56,103,79,NA
55,India,Delhi,Delhi,"Anand Vihar, Delhi - DPCC",2018-06-27T02:00:00Z,OZONE,4,31,15,NA
56,India,Delhi,Delhi,"Ashok Vihar, Delhi - DPCC",2018-06-27T02:00:00Z,PM2.5,3,41,15,NA
57,India,Delhi,Delhi,"Ashok Vihar, Delhi - DPCC",2018-06-27T02:00:00Z,PM10,6,75,31,NA
58,India,Delhi,Delhi,"Ashok Vihar, Delhi - DPCC",2018-06-27T02:00:00Z,NO2,15,51,32,NA
59,India,Delhi,Delhi,"Ashok Vihar, Delhi - DPCC",2018-06-27T02:00:00Z,NH3,6,10,7,NA
60,India,Delhi,Delhi,"Ashok Vihar, Delhi - DPCC",2018-06-27T02:00:00Z,SO2,7,45,17,NA
61,India,Delhi,Delhi,"Ashok Vihar, Delhi - DPCC",2018-06-27T02:00:00Z,CO,8,42,31,NA
62,India,Delhi,Delhi,"Ashok Vihar, Delhi - DPCC",2018-06-27T02:00:00Z,OZONE,8,74,25,NA
63,India,Delhi,Delhi,"Aya Nagar, New Delhi - IMD",2018-06-27T02:00:00Z,PM2.5,NA,NA,NA,NA
64,India,Delhi,Delhi,"Aya Nagar, New Delhi - IMD",2018-06-27T02:00:00Z,PM10,NA,NA,NA,NA
65,India,Delhi,Delhi,"Aya Nagar, New Delhi - IMD",2018-06-27T02:00:00Z,NO2,NA,NA,NA,NA
66,India,Delhi,Delhi,"Aya Nagar, New Delhi - IMD",2018-06-27T02:00:00Z,CO,34,80,52,NA
67,India,Delhi,Delhi,"Aya Nagar, New Delhi - IMD",2018-06-27T02:00:00Z,OZONE,24,52,34,NA
68,India,Delhi,Delhi,"CRRI Mathura Road, New Delhi - IMD",2018-06-27T02:00:00Z,PM2.5,NA,NA,NA,NA
69,India,Delhi,Delhi,"CRRI Mathura Road, New Delhi - IMD",2018-06-27T02:00:00Z,PM10,NA,NA,NA,NA
70,India,Delhi,Delhi,"CRRI Mathura Road, New Delhi - IMD",2018-06-27T02:00:00Z,NO2,NA,NA,NA,NA
71,India,Delhi,Delhi,"CRRI Mathura Road, New Delhi - IMD",2018-06-27T02:00:00Z,CO,14,41,27,NA
72,India,Delhi,Delhi,"CRRI Mathura Road, New Delhi - IMD",2018-06-27T02:00:00Z,OZONE,33,38,34,NA
73,India,Delhi,Delhi,"DTU, New Delhi - CPCB",2018-06-27T02:00:00Z,PM2.5,47,88,66,NA
74,India,Delhi,Delhi,"DTU, New Delhi - CPCB",2018-06-27T02:00:00Z,PM10,120,339,155,NA
75,India,Delhi,Delhi,"DTU, New Delhi - CPCB",2018-06-27T02:00:00Z,NO2,32,36,33,NA
76,India,Delhi,Delhi,"DTU, New Delhi - CPCB",2018-06-27T02:00:00Z,NH3,1,2,1,NA
77,India,Delhi,Delhi,"DTU, New Delhi - CPCB",2018-06-27T02:00:00Z,CO,11,38,26,NA
78,India,Delhi,Delhi,"DTU, New Delhi - CPCB",2018-06-27T02:00:00Z,OZONE,3,25,15,NA
79,India,Delhi,Delhi,"Dr. Karni Singh Shooting Range, Delhi - DPCC",2018-06-27T02:00:00Z,PM2.5,1,3,1,NA
80,India,Delhi,Delhi,"Dr. Karni Singh Shooting Range, Delhi - DPCC",2018-06-27T02:00:00Z,PM10,1,4,1,NA
81,India,Delhi,Delhi,"Dr. Karni Singh Shooting Range, Delhi - DPCC",2018-06-27T02:00:00Z,NO2,9,101,46,NA
82,India,Delhi,Delhi,"Dr. Karni Singh Shooting Range, Delhi - DPCC",2018-06-27T02:00:00Z,NH3,4,6,5,NA
83,India,Delhi,Delhi,"Dr. Karni Singh Shooting Range, Delhi - DPCC",2018-06-27T02:00:00Z,SO2,8,35,18,NA
84,India,Delhi,Delhi,"Dr. Karni Singh Shooting Range, Delhi - DPCC",2018-06-27T02:00:00Z,CO,9,68,49,NA
85,India,Delhi,Delhi,"Dr. Karni Singh Shooting Range, Delhi - DPCC",2018-06-27T02:00:00Z,OZONE,7,100,35,NA
86,India,Delhi,Delhi,"IGI Airport (T3), New Delhi - IMD",2018-06-27T02:00:00Z,PM2.5,NA,NA,NA,NA
87,India,Delhi,Delhi,"IGI Airport (T3), New Delhi - IMD",2018-06-27T02:00:00Z,PM10,NA,NA,NA,NA
88,India,Delhi,Delhi,"IGI Airport (T3), New Delhi - IMD",2018-06-27T02:00:00Z,NO2,NA,NA,NA,NA
89,India,Delhi,Delhi,"IGI Airport (T3), New Delhi - IMD",2018-06-27T02:00:00Z,CO,38,74,46,NA
90,India,Delhi,Delhi,"IGI Airport (T3), New Delhi - IMD",2018-06-27T02:00:00Z,OZONE,22,34,26,NA
91,India,Delhi,Delhi,"IHBAS, Dilshad Garden,New Delhi - CPCB",2018-06-27T02:00:00Z,PM2.5,66,234,124,NA
92,India,Delhi,Delhi,"IHBAS, Dilshad Garden,New Delhi - CPCB",2018-06-27T02:00:00Z,NO2,32,79,49,NA
93,India,Delhi,Delhi,"IHBAS, Dilshad Garden,New Delhi - CPCB",2018-06-27T02:00:00Z,NH3,7,18,11,NA
94,India,Delhi,Delhi,"IHBAS, Dilshad Garden,New Delhi - CPCB",2018-06-27T02:00:00Z,SO2,10,33,18,NA
95,India,Delhi,Delhi,"IHBAS, Dilshad Garden,New Delhi - CPCB",2018-06-27T02:00:00Z,CO,4,75,36,NA
96,India,Delhi,Delhi,"ITO, New Delhi - CPCB",2018-06-27T02:00:00Z,PM2.5,88,351,217,NA
97,India,Delhi,Delhi,"ITO, New Delhi - CPCB",2018-06-27T02:00:00Z,PM10,110,225,152,NA
98,India,Delhi,Delhi,"ITO, New Delhi - CPCB",2018-06-27T02:00:00Z,NO2,54,151,91,NA
99,India,Delhi,Delhi,"ITO, New Delhi - CPCB",2018-06-27T02:00:00Z,NH3,23,64,36,NA
100,India,Delhi,Delhi,"ITO, New Delhi - CPCB",2018-06-27T02:00:00Z,SO2,5,23,10,NA
101,India,Delhi,Delhi,"ITO, New Delhi - CPCB",2018-06-27T02:00:00Z,CO,3,107,84,NA
102,India,Delhi,Delhi,"ITO, New Delhi - CPCB",2018-06-27T02:00:00Z,OZONE,12,31,13,NA
103,India,Delhi,Delhi,"Jahangirpuri, Delhi - DPCC",2018-06-27T02:00:00Z,PM2.5,1,58,21,NA
104,India,Delhi,Delhi,"Jahangirpuri, Delhi - DPCC",2018-06-27T02:00:00Z,PM10,1,83,29,NA
105,India,Delhi,Delhi,"Jahangirpuri, Delhi - DPCC",2018-06-27T02:00:00Z,NO2,13,95,42,NA
106,India,Delhi,Delhi,"Jahangirpuri, Delhi - DPCC",2018-06-27T02:00:00Z,NH3,4,21,12,NA
107,India,Delhi,Delhi,"Jahangirpuri, Delhi - DPCC",2018-06-27T02:00:00Z,SO2,11,38,23,NA
108,India,Delhi,Delhi,"Jahangirpuri, Delhi - DPCC",2018-06-27T02:00:00Z,CO,40,95,76,NA
109,India,Delhi,Delhi,"Jahangirpuri, Delhi - DPCC",2018-06-27T02:00:00Z,OZONE,5,75,8,NA
110,India,Delhi,Delhi,"Jawaharlal Nehru Stadium, Delhi - DPCC",2018-06-27T02:00:00Z,PM2.5,NA,NA,NA,NA
111,India,Delhi,Delhi,"Jawaharlal Nehru Stadium, Delhi - DPCC",2018-06-27T02:00:00Z,PM10,NA,NA,NA,NA
112,India,Delhi,Delhi,"Jawaharlal Nehru Stadium, Delhi - DPCC",2018-06-27T02:00:00Z,NO2,NA,NA,NA,NA
113,India,Delhi,Delhi,"Jawaharlal Nehru Stadium, Delhi - DPCC",2018-06-27T02:00:00Z,NH3,NA,NA,NA,NA
114,India,Delhi,Delhi,"Jawaharlal Nehru Stadium, Delhi - DPCC",2018-06-27T02:00:00Z,SO2,NA,NA,NA,NA
115,India,Delhi,Delhi,"Jawaharlal Nehru Stadium, Delhi - DPCC",2018-06-27T02:00:00Z,CO,5,89,41,NA
116,India,Delhi,Delhi,"Jawaharlal Nehru Stadium, Delhi - DPCC",2018-06-27T02:00:00Z,OZONE,2,54,15,NA
117,India,Delhi,Delhi,"Lodhi Road, New Delhi - IMD",2018-06-27T02:00:00Z,PM2.5,NA,NA,NA,NA
118,India,Delhi,Delhi,"Lodhi Road, New Delhi - IMD",2018-06-27T02:00:00Z,PM10,NA,NA,NA,NA
119,India,Delhi,Delhi,"Lodhi Road, New Delhi - IMD",2018-06-27T02:00:00Z,NO2,NA,NA,NA,NA
120,India,Delhi,Delhi,"Lodhi Road, New Delhi - IMD",2018-06-27T02:00:00Z,CO,31,62,55,NA
121,India,Delhi,Delhi,"Lodhi Road, New Delhi - IMD",2018-06-27T02:00:00Z,OZONE,1,34,9,NA
122,India,Delhi,Delhi,"Major Dhyan Chand National Stadium, Delhi - DPCC",2018-06-27T02:00:00Z,PM2.5,NA,NA,NA,NA
123,India,Delhi,Delhi,"Major Dhyan Chand National Stadium, Delhi - DPCC",2018-06-27T02:00:00Z,PM10,NA,NA,NA,NA
124,India,Delhi,Delhi,"Major Dhyan Chand National Stadium, Delhi - DPCC",2018-06-27T02:00:00Z,NO2,NA,NA,NA,NA
125,India,Delhi,Delhi,"Major Dhyan Chand National Stadium, Delhi - DPCC",2018-06-27T02:00:00Z,NH3,NA,NA,NA,NA
126,India,Delhi,Delhi,"Major Dhyan Chand National Stadium, Delhi - DPCC",2018-06-27T02:00:00Z,SO2,NA,NA,NA,NA
127,India,Delhi,Delhi,"Major Dhyan Chand National Stadium, Delhi - DPCC",2018-06-27T02:00:00Z,CO,NA,NA,NA,NA
128,India,Delhi,Delhi,"Major Dhyan Chand National Stadium, Delhi - DPCC",2018-06-27T02:00:00Z,OZONE,NA,NA,NA,NA
129,India,Delhi,Delhi,"Mandir Marg, New Delhi - DPCC",2018-06-27T02:00:00Z,PM2.5,1,7,3,NA
130,India,Delhi,Delhi,"Mandir Marg, New Delhi - DPCC",2018-06-27T02:00:00Z,PM10,4,20,11,NA
131,India,Delhi,Delhi,"Mandir Marg, New Delhi - DPCC",2018-06-27T02:00:00Z,NO2,25,87,51,NA
132,India,Delhi,Delhi,"Mandir Marg, New Delhi - DPCC",2018-06-27T02:00:00Z,NH3,3,5,4,NA
133,India,Delhi,Delhi,"Mandir Marg, New Delhi - DPCC",2018-06-27T02:00:00Z,SO2,10,30,16,NA
134,India,Delhi,Delhi,"Mandir Marg, New Delhi - DPCC",2018-06-27T02:00:00Z,CO,10,62,41,NA
135,India,Delhi,Delhi,"Mandir Marg, New Delhi - DPCC",2018-06-27T02:00:00Z,OZONE,1,27,8,NA
136,India,Delhi,Delhi,"NSIT Dwarka, New Delhi - CPCB",2018-06-27T02:00:00Z,PM2.5,82,312,159,NA
137,India,Delhi,Delhi,"NSIT Dwarka, New Delhi - CPCB",2018-06-27T02:00:00Z,NO2,20,29,24,NA
138,India,Delhi,Delhi,"NSIT Dwarka, New Delhi - CPCB",2018-06-27T02:00:00Z,SO2,4,11,7,NA
139,India,Delhi,Delhi,"NSIT Dwarka, New Delhi - CPCB",2018-06-27T02:00:00Z,CO,9,17,12,NA
140,India,Delhi,Delhi,"NSIT Dwarka, New Delhi - CPCB",2018-06-27T02:00:00Z,OZONE,24,68,32,NA
141,India,Delhi,Delhi,"Najafgarh, Delhi - DPCC",2018-06-27T02:00:00Z,PM2.5,1,4,1,NA
142,India,Delhi,Delhi,"Najafgarh, Delhi - DPCC",2018-06-27T02:00:00Z,PM10,1,14,5,NA
143,India,Delhi,Delhi,"Najafgarh, Delhi - DPCC",2018-06-27T02:00:00Z,NO2,14,31,20,NA
144,India,Delhi,Delhi,"Najafgarh, Delhi - DPCC",2018-06-27T02:00:00Z,NH3,5,10,7,NA
145,India,Delhi,Delhi,"Najafgarh, Delhi - DPCC",2018-06-27T02:00:00Z,SO2,5,30,13,NA
146,India,Delhi,Delhi,"Najafgarh, Delhi - DPCC",2018-06-27T02:00:00Z,CO,48,61,56,NA
147,India,Delhi,Delhi,"Najafgarh, Delhi - DPCC",2018-06-27T02:00:00Z,OZONE,18,110,42,NA
148,India,Delhi,Delhi,"Narela, Delhi - DPCC",2018-06-27T02:00:00Z,PM2.5,1,2,1,NA
149,India,Delhi,Delhi,"Narela, Delhi - DPCC",2018-06-27T02:00:00Z,PM10,1,36,8,NA
150,India,Delhi,Delhi,"Narela, Delhi - DPCC",2018-06-27T02:00:00Z,NO2,15,98,39,NA
151,India,Delhi,Delhi,"Narela, Delhi - DPCC",2018-06-27T02:00:00Z,NH3,6,9,7,NA
152,India,Delhi,Delhi,"Narela, Delhi - DPCC",2018-06-27T02:00:00Z,SO2,7,30,16,NA
153,India,Delhi,Delhi,"Narela, Delhi - DPCC",2018-06-27T02:00:00Z,CO,11,42,26,NA
154,India,Delhi,Delhi,"Narela, Delhi - DPCC",2018-06-27T02:00:00Z,OZONE,12,57,30,NA
155,India,Delhi,Delhi,"Nehru Nagar, Delhi - DPCC",2018-06-27T02:00:00Z,PM2.5,NA,NA,NA,NA
156,India,Delhi,Delhi,"Nehru Nagar, Delhi - DPCC",2018-06-27T02:00:00Z,PM10,NA,NA,NA,NA
157,India,Delhi,Delhi,"Nehru Nagar, Delhi - DPCC",2018-06-27T02:00:00Z,NO2,NA,NA,NA,NA
158,India,Delhi,Delhi,"Nehru Nagar, Delhi - DPCC",2018-06-27T02:00:00Z,NH3,NA,NA,NA,NA
159,India,Delhi,Delhi,"Nehru Nagar, Delhi - DPCC",2018-06-27T02:00:00Z,SO2,NA,NA,NA,NA
160,India,Delhi,Delhi,"Nehru Nagar, Delhi - DPCC",2018-06-27T02:00:00Z,CO,43,70,57,NA
161,India,Delhi,Delhi,"Nehru Nagar, Delhi - DPCC",2018-06-27T02:00:00Z,OZONE,1,45,18,NA
162,India,Delhi,Delhi,"North Campus, DU, New Delhi - IMD",2018-06-27T02:00:00Z,PM2.5,NA,NA,NA,NA
163,India,Delhi,Delhi,"North Campus, DU, New Delhi - IMD",2018-06-27T02:00:00Z,PM10,NA,NA,NA,NA
164,India,Delhi,Delhi,"North Campus, DU, New Delhi - IMD",2018-06-27T02:00:00Z,NO2,NA,NA,NA,NA
165,India,Delhi,Delhi,"North Campus, DU, New Delhi - IMD",2018-06-27T02:00:00Z,OZONE,19,33,24,NA
166,India,Delhi,Delhi,"Patparganj, Delhi - DPCC",2018-06-27T02:00:00Z,PM2.5,4,11,6,NA
167,India,Delhi,Delhi,"Patparganj, Delhi - DPCC",2018-06-27T02:00:00Z,PM10,13,42,21,NA
168,India,Delhi,Delhi,"Patparganj, Delhi - DPCC",2018-06-27T02:00:00Z,NO2,10,49,26,NA
169,India,Delhi,Delhi,"Patparganj, Delhi - DPCC",2018-06-27T02:00:00Z,NH3,8,11,10,NA
170,India,Delhi,Delhi,"Patparganj, Delhi - DPCC",2018-06-27T02:00:00Z,SO2,3,31,10,NA
171,India,Delhi,Delhi,"Patparganj, Delhi - DPCC",2018-06-27T02:00:00Z,CO,10,62,44,NA
172,India,Delhi,Delhi,"Patparganj, Delhi - DPCC",2018-06-27T02:00:00Z,OZONE,2,80,16,NA
173,India,Delhi,Delhi,"Punjabi Bagh, Delhi - DPCC",2018-06-27T02:00:00Z,PM2.5,1,2,1,NA
174,India,Delhi,Delhi,"Punjabi Bagh, Delhi - DPCC",2018-06-27T02:00:00Z,PM10,1,2,1,NA
175,India,Delhi,Delhi,"Punjabi Bagh, Delhi - DPCC",2018-06-27T02:00:00Z,NO2,20,79,48,NA
176,India,Delhi,Delhi,"Punjabi Bagh, Delhi - DPCC",2018-06-27T02:00:00Z,NH3,11,13,12,NA
177,India,Delhi,Delhi,"Punjabi Bagh, Delhi - DPCC",2018-06-27T02:00:00Z,SO2,4,25,11,NA
178,India,Delhi,Delhi,"Punjabi Bagh, Delhi - DPCC",2018-06-27T02:00:00Z,CO,16,48,36,NA
179,India,Delhi,Delhi,"Punjabi Bagh, Delhi - DPCC",2018-06-27T02:00:00Z,OZONE,8,116,39,NA
180,India,Delhi,Delhi,"Pusa, New Delhi - IMD",2018-06-27T02:00:00Z,PM2.5,NA,NA,NA,NA
181,India,Delhi,Delhi,"Pusa, New Delhi - IMD",2018-06-27T02:00:00Z,PM10,NA,NA,NA,NA
182,India,Delhi,Delhi,"Pusa, New Delhi - IMD",2018-06-27T02:00:00Z,NO2,NA,NA,NA,NA
183,India,Delhi,Delhi,"Pusa, New Delhi - IMD",2018-06-27T02:00:00Z,CO,1,11,7,NA
184,India,Delhi,Delhi,"Pusa, New Delhi - IMD",2018-06-27T02:00:00Z,OZONE,15,28,17,NA
185,India,Delhi,Delhi,"R K Puram, New Delhi - DPCC",2018-06-27T02:00:00Z,PM2.5,1,18,7,NA
186,India,Delhi,Delhi,"R K Puram, New Delhi - DPCC",2018-06-27T02:00:00Z,PM10,9,32,20,NA
187,India,Delhi,Delhi,"R K Puram, New Delhi - DPCC",2018-06-27T02:00:00Z,NO2,36,139,93,NA
188,India,Delhi,Delhi,"R K Puram, New Delhi - DPCC",2018-06-27T02:00:00Z,NH3,8,12,9,NA
189,India,Delhi,Delhi,"R K Puram, New Delhi - DPCC",2018-06-27T02:00:00Z,SO2,20,28,25,NA
190,India,Delhi,Delhi,"R K Puram, New Delhi - DPCC",2018-06-27T02:00:00Z,CO,NA,NA,NA,NA
191,India,Delhi,Delhi,"R K Puram, New Delhi - DPCC",2018-06-27T02:00:00Z,OZONE,5,34,13,NA
192,India,Delhi,Delhi,"Rohini, Delhi - DPCC",2018-06-27T02:00:00Z,PM2.5,17,27,22,NA
193,India,Delhi,Delhi,"Rohini, Delhi - DPCC",2018-06-27T02:00:00Z,PM10,15,40,28,NA
194,India,Delhi,Delhi,"Rohini, Delhi - DPCC",2018-06-27T02:00:00Z,NO2,2,44,15,NA
195,India,Delhi,Delhi,"Rohini, Delhi - DPCC",2018-06-27T02:00:00Z,NH3,7,12,10,NA
196,India,Delhi,Delhi,"Rohini, Delhi - DPCC",2018-06-27T02:00:00Z,SO2,15,93,24,NA
197,India,Delhi,Delhi,"Rohini, Delhi - DPCC",2018-06-27T02:00:00Z,CO,10,49,36,NA
198,India,Delhi,Delhi,"Rohini, Delhi - DPCC",2018-06-27T02:00:00Z,OZONE,11,70,23,NA
199,India,Delhi,Delhi,"Shadipur, New Delhi - CPCB",2018-06-27T02:00:00Z,PM2.5,64,197,124,NA
200,India,Delhi,Delhi,"Shadipur, New Delhi - CPCB",2018-06-27T02:00:00Z,NO2,36,104,65,NA
201,India,Delhi,Delhi,"Shadipur, New Delhi - CPCB",2018-06-27T02:00:00Z,SO2,8,22,12,NA
202,India,Delhi,Delhi,"Shadipur, New Delhi - CPCB",2018-06-27T02:00:00Z,CO,25,54,48,NA
203,India,Delhi,Delhi,"Shadipur, New Delhi - CPCB",2018-06-27T02:00:00Z,OZONE,7,35,15,NA
204,India,Delhi,Delhi,"Sirifort, New Delhi - CPCB",2018-06-27T02:00:00Z,PM2.5,47,117,79,NA
205,India,Delhi,Delhi,"Sirifort, New Delhi - CPCB",2018-06-27T02:00:00Z,PM10,106,415,199,NA
206,India,Delhi,Delhi,"Sirifort, New Delhi - CPCB",2018-06-27T02:00:00Z,NO2,17,35,28,NA
207,India,Delhi,Delhi,"Sirifort, New Delhi - CPCB",2018-06-27T02:00:00Z,NH3,5,10,8,NA
208,India,Delhi,Delhi,"Sirifort, New Delhi - CPCB",2018-06-27T02:00:00Z,CO,8,57,42,NA
209,India,Delhi,Delhi,"Sirifort, New Delhi - CPCB",2018-06-27T02:00:00Z,OZONE,5,60,16,NA
210,India,Delhi,Delhi,"Sonia Vihar, Delhi - DPCC",2018-06-27T02:00:00Z,PM2.5,8,45,23,NA
211,India,Delhi,Delhi,"Sonia Vihar, Delhi - DPCC",2018-06-27T02:00:00Z,PM10,47,133,96,NA
212,India,Delhi,Delhi,"Sonia Vihar, Delhi - DPCC",2018-06-27T02:00:00Z,NO2,NA,NA,NA,NA
213,India,Delhi,Delhi,"Sonia Vihar, Delhi - DPCC",2018-06-27T02:00:00Z,NH3,6,12,8,NA
214,India,Delhi,Delhi,"Sonia Vihar, Delhi - DPCC",2018-06-27T02:00:00Z,SO2,8,54,17,NA
215,India,Delhi,Delhi,"Sonia Vihar, Delhi - DPCC",2018-06-27T02:00:00Z,CO,10,80,40,NA
216,India,Delhi,Delhi,"Sonia Vihar, Delhi - DPCC",2018-06-27T02:00:00Z,OZONE,4,94,20,NA
217,India,Delhi,Delhi,"Vivek Vihar, Delhi - DPCC",2018-06-27T02:00:00Z,PM2.5,NA,NA,NA,NA
218,India,Delhi,Delhi,"Vivek Vihar, Delhi - DPCC",2018-06-27T02:00:00Z,PM10,NA,NA,NA,NA
219,India,Delhi,Delhi,"Vivek Vihar, Delhi - DPCC",2018-06-27T02:00:00Z,NO2,NA,NA,NA,NA
220,India,Delhi,Delhi,"Vivek Vihar, Delhi - DPCC",2018-06-27T02:00:00Z,NH3,NA,NA,NA,NA
221,India,Delhi,Delhi,"Vivek Vihar, Delhi - DPCC",2018-06-27T02:00:00Z,SO2,NA,NA,NA,NA
222,India,Delhi,Delhi,"Vivek Vihar, Delhi - DPCC",2018-06-27T02:00:00Z,CO,12,98,70,NA
223,India,Delhi,Delhi,"Vivek Vihar, Delhi - DPCC",2018-06-27T02:00:00Z,OZONE,24,64,50,NA
224,India,Delhi,Delhi,"Wazirpur, Delhi - DPCC",2018-06-27T02:00:00Z,PM2.5,6,52,30,NA
225,India,Delhi,Delhi,"Wazirpur, Delhi - DPCC",2018-06-27T02:00:00Z,PM10,44,500,199,NA
226,India,Delhi,Delhi,"Wazirpur, Delhi - DPCC",2018-06-27T02:00:00Z,NO2,37,128,69,NA
227,India,Delhi,Delhi,"Wazirpur, Delhi - DPCC",2018-06-27T02:00:00Z,NH3,7,12,9,NA
228,India,Delhi,Delhi,"Wazirpur, Delhi - DPCC",2018-06-27T02:00:00Z,SO2,24,96,48,NA
229,India,Delhi,Delhi,"Wazirpur, Delhi - DPCC",2018-06-27T02:00:00Z,CO,33,85,64,NA
230,India,Delhi,Delhi,"Wazirpur, Delhi - DPCC",2018-06-27T02:00:00Z,OZONE,1,58,6,NA
231,India,Gujarat,Ahmedabad,"Maninagar, Ahmedabad - GPCB",2018-06-27T02:00:00Z,PM2.5,30,96,60,NA
232,India,Gujarat,Ahmedabad,"Maninagar, Ahmedabad - GPCB",2018-06-27T02:00:00Z,NO2,21,114,56,NA
233,India,Gujarat,Ahmedabad,"Maninagar, Ahmedabad - GPCB",2018-06-27T02:00:00Z,SO2,17,70,37,NA
234,India,Gujarat,Ahmedabad,"Maninagar, Ahmedabad - GPCB",2018-06-27T02:00:00Z,CO,21,104,62,NA
235,India,Haryana,Faridabad,"Sector- 16A, Faridabad, Haryana - HSPCB",2018-06-27T02:00:00Z,PM2.5,NA,NA,NA,NA
236,India,Haryana,Faridabad,"Sector- 16A, Faridabad, Haryana - HSPCB",2018-06-27T02:00:00Z,NO2,NA,NA,NA,NA
237,India,Haryana,Faridabad,"Sector- 16A, Faridabad, Haryana - HSPCB",2018-06-27T02:00:00Z,SO2,NA,NA,NA,NA
238,India,Haryana,Faridabad,"Sector- 16A, Faridabad, Haryana - HSPCB",2018-06-27T02:00:00Z,OZONE,9,52,19,NA
239,India,Haryana,Gurgaon,"Vikas Sadan, Gurgaon, Haryana - HSPCB",2018-06-27T02:00:00Z,PM2.5,19,255,131,NA
240,India,Haryana,Gurgaon,"Vikas Sadan, Gurgaon, Haryana - HSPCB",2018-06-27T02:00:00Z,NO2,25,29,27,NA
241,India,Haryana,Gurgaon,"Vikas Sadan, Gurgaon, Haryana - HSPCB",2018-06-27T02:00:00Z,SO2,7,15,10,NA
242,India,Haryana,Gurgaon,"Vikas Sadan, Gurgaon, Haryana - HSPCB",2018-06-27T02:00:00Z,CO,10,110,22,NA
243,India,Haryana,Gurgaon,"Vikas Sadan, Gurgaon, Haryana - HSPCB",2018-06-27T02:00:00Z,OZONE,13,32,20,NA
244,India,Haryana,Panchkula,"Sector-6, Panchkula - HSPCB",2018-06-27T02:00:00Z,PM2.5,NA,NA,NA,NA
245,India,Haryana,Panchkula,"Sector-6, Panchkula - HSPCB",2018-06-27T02:00:00Z,NO2,NA,NA,NA,NA
246,India,Haryana,Panchkula,"Sector-6, Panchkula - HSPCB",2018-06-27T02:00:00Z,SO2,NA,NA,NA,NA
247,India,Haryana,Panchkula,"Sector-6, Panchkula - HSPCB",2018-06-27T02:00:00Z,CO,3,35,32,NA
248,India,Haryana,Panchkula,"Sector-6, Panchkula - HSPCB",2018-06-27T02:00:00Z,OZONE,12,50,41,NA
249,India,Haryana,Rohtak,"MD University, Rohtak, Haryana - HSPCB",2018-06-27T02:00:00Z,PM2.5,9,66,35,NA
250,India,Haryana,Rohtak,"MD University, Rohtak, Haryana - HSPCB",2018-06-27T02:00:00Z,SO2,1,19,12,NA
251,India,Haryana,Rohtak,"MD University, Rohtak, Haryana - HSPCB",2018-06-27T02:00:00Z,CO,12,92,46,NA
252,India,Haryana,Rohtak,"MD University, Rohtak, Haryana - HSPCB",2018-06-27T02:00:00Z,OZONE,23,29,26,NA
253,India,Karnataka,Bengaluru,"BTM Layout, Bengaluru - CPCB",2018-06-27T02:00:00Z,PM2.5,5,500,55,NA
254,India,Karnataka,Bengaluru,"BTM Layout, Bengaluru - CPCB",2018-06-27T02:00:00Z,NO2,3,51,24,NA
255,India,Karnataka,Bengaluru,"BTM Layout, Bengaluru - CPCB",2018-06-27T02:00:00Z,SO2,7,16,9,NA
256,India,Karnataka,Bengaluru,"BTM Layout, Bengaluru - CPCB",2018-06-27T02:00:00Z,CO,34,114,76,NA
257,India,Karnataka,Bengaluru,"BTM Layout, Bengaluru - CPCB",2018-06-27T02:00:00Z,OZONE,3,27,14,NA
258,India,Karnataka,Bengaluru,"BWSSB Kadabesanahalli, Bengaluru - CPCB",2018-06-27T02:00:00Z,PM2.5,27,56,34,NA
259,India,Karnataka,Bengaluru,"BWSSB Kadabesanahalli, Bengaluru - CPCB",2018-06-27T02:00:00Z,NO2,16,30,22,NA
260,India,Karnataka,Bengaluru,"BWSSB Kadabesanahalli, Bengaluru - CPCB",2018-06-27T02:00:00Z,SO2,5,7,6,NA
261,India,Karnataka,Bengaluru,"BWSSB Kadabesanahalli, Bengaluru - CPCB",2018-06-27T02:00:00Z,CO,34,41,39,NA
262,India,Karnataka,Bengaluru,"BWSSB Kadabesanahalli, Bengaluru - CPCB",2018-06-27T02:00:00Z,OZONE,9,36,15,NA
263,India,Karnataka,Bengaluru,"City Railway Station, Bengaluru - KSPCB",2018-06-27T02:00:00Z,PM10,NA,NA,NA,NA
264,India,Karnataka,Bengaluru,"City Railway Station, Bengaluru - KSPCB",2018-06-27T02:00:00Z,NO2,NA,NA,NA,NA
265,India,Karnataka,Bengaluru,"City Railway Station, Bengaluru - KSPCB",2018-06-27T02:00:00Z,CO,NA,NA,NA,NA
266,India,Karnataka,Bengaluru,"Peenya, Bengaluru - CPCB",2018-06-27T02:00:00Z,PM2.5,NA,NA,NA,NA
267,India,Karnataka,Bengaluru,"Peenya, Bengaluru - CPCB",2018-06-27T02:00:00Z,NO2,8,14,9,NA
268,India,Karnataka,Bengaluru,"Peenya, Bengaluru - CPCB",2018-06-27T02:00:00Z,NH3,11,11,11,NA
269,India,Karnataka,Bengaluru,"Peenya, Bengaluru - CPCB",2018-06-27T02:00:00Z,SO2,3,13,8,NA
270,India,Karnataka,Bengaluru,"Peenya, Bengaluru - CPCB",2018-06-27T02:00:00Z,CO,20,38,32,NA
271,India,Karnataka,Bengaluru,"Sanegurava Halli, Bengaluru - KSPCB",2018-06-27T02:00:00Z,PM10,16,69,41,NA
272,India,Karnataka,Bengaluru,"Sanegurava Halli, Bengaluru - KSPCB",2018-06-27T02:00:00Z,NO2,8,19,13,NA
273,India,Karnataka,Bengaluru,"Sanegurava Halli, Bengaluru - KSPCB",2018-06-27T02:00:00Z,SO2,1,2,1,NA
274,India,Karnataka,Bengaluru,"Sanegurava Halli, Bengaluru - KSPCB",2018-06-27T02:00:00Z,CO,32,51,41,NA
275,India,Kerala,Thiruvananthapuram,"Plammoodu, Thiruvananthapuram - Kerala PCB",2018-06-27T02:00:00Z,PM2.5,3,48,24,NA
276,India,Kerala,Thiruvananthapuram,"Plammoodu, Thiruvananthapuram - Kerala PCB",2018-06-27T02:00:00Z,PM10,18,61,39,NA
277,India,Kerala,Thiruvananthapuram,"Plammoodu, Thiruvananthapuram - Kerala PCB",2018-06-27T02:00:00Z,NO2,1,26,7,NA
278,India,Kerala,Thiruvananthapuram,"Plammoodu, Thiruvananthapuram - Kerala PCB",2018-06-27T02:00:00Z,NH3,1,1,1,NA
279,India,Kerala,Thiruvananthapuram,"Plammoodu, Thiruvananthapuram - Kerala PCB",2018-06-27T02:00:00Z,SO2,4,11,7,NA
280,India,Kerala,Thiruvananthapuram,"Plammoodu, Thiruvananthapuram - Kerala PCB",2018-06-27T02:00:00Z,CO,21,71,55,NA
281,India,Kerala,Thiruvananthapuram,"Plammoodu, Thiruvananthapuram - Kerala PCB",2018-06-27T02:00:00Z,OZONE,11,32,24,NA
282,India,"Madhya Pradesh",Dewas,"Bhopal Chauraha, Dewas - MPPCB",2018-06-27T02:00:00Z,PM2.5,17,104,59,NA
283,India,"Madhya Pradesh",Dewas,"Bhopal Chauraha, Dewas - MPPCB",2018-06-27T02:00:00Z,PM10,19,120,65,NA
284,India,"Madhya Pradesh",Dewas,"Bhopal Chauraha, Dewas - MPPCB",2018-06-27T02:00:00Z,NO2,10,40,24,NA
285,India,"Madhya Pradesh",Dewas,"Bhopal Chauraha, Dewas - MPPCB",2018-06-27T02:00:00Z,NH3,2,8,5,NA
286,India,"Madhya Pradesh",Dewas,"Bhopal Chauraha, Dewas - MPPCB",2018-06-27T02:00:00Z,SO2,2,25,8,NA
287,India,"Madhya Pradesh",Dewas,"Bhopal Chauraha, Dewas - MPPCB",2018-06-27T02:00:00Z,CO,27,83,55,NA
288,India,"Madhya Pradesh",Dewas,"Bhopal Chauraha, Dewas - MPPCB",2018-06-27T02:00:00Z,OZONE,13,52,28,NA
289,India,"Madhya Pradesh",Mandideep,"Sector-D Industrial Area, Mandideep - MPPCB",2018-06-27T02:00:00Z,PM2.5,10,46,24,NA
290,India,"Madhya Pradesh",Mandideep,"Sector-D Industrial Area, Mandideep - MPPCB",2018-06-27T02:00:00Z,PM10,21,106,45,NA
291,India,"Madhya Pradesh",Mandideep,"Sector-D Industrial Area, Mandideep - MPPCB",2018-06-27T02:00:00Z,NO2,7,18,12,NA
292,India,"Madhya Pradesh",Mandideep,"Sector-D Industrial Area, Mandideep - MPPCB",2018-06-27T02:00:00Z,NH3,2,2,2,NA
293,India,"Madhya Pradesh",Mandideep,"Sector-D Industrial Area, Mandideep - MPPCB",2018-06-27T02:00:00Z,SO2,8,10,8,NA
294,India,"Madhya Pradesh",Mandideep,"Sector-D Industrial Area, Mandideep - MPPCB",2018-06-27T02:00:00Z,CO,46,66,55,NA
295,India,"Madhya Pradesh",Mandideep,"Sector-D Industrial Area, Mandideep - MPPCB",2018-06-27T02:00:00Z,OZONE,18,43,22,NA
296,India,"Madhya Pradesh",Pithampur,"Sector-2 Industrial Area, Pithampur - MPPCB",2018-06-27T02:00:00Z,PM2.5,14,60,38,NA
297,India,"Madhya Pradesh",Pithampur,"Sector-2 Industrial Area, Pithampur - MPPCB",2018-06-27T02:00:00Z,PM10,21,113,72,NA
298,India,"Madhya Pradesh",Pithampur,"Sector-2 Industrial Area, Pithampur - MPPCB",2018-06-27T02:00:00Z,NO2,4,17,9,NA
299,India,"Madhya Pradesh",Pithampur,"Sector-2 Industrial Area, Pithampur - MPPCB",2018-06-27T02:00:00Z,NH3,3,5,3,NA
300,India,"Madhya Pradesh",Pithampur,"Sector-2 Industrial Area, Pithampur - MPPCB",2018-06-27T02:00:00Z,SO2,5,13,8,NA
301,India,"Madhya Pradesh",Pithampur,"Sector-2 Industrial Area, Pithampur - MPPCB",2018-06-27T02:00:00Z,CO,24,37,30,NA
302,India,"Madhya Pradesh",Pithampur,"Sector-2 Industrial Area, Pithampur - MPPCB",2018-06-27T02:00:00Z,OZONE,22,36,28,NA
303,India,"Madhya Pradesh",Satna,"Bandhavgar Colony, Satna - MPPCB",2018-06-27T02:00:00Z,PM2.5,3,447,33,NA
304,India,"Madhya Pradesh",Satna,"Bandhavgar Colony, Satna - MPPCB",2018-06-27T02:00:00Z,PM10,28,500,82,NA
305,India,"Madhya Pradesh",Satna,"Bandhavgar Colony, Satna - MPPCB",2018-06-27T02:00:00Z,SO2,13,22,18,NA
306,India,"Madhya Pradesh",Satna,"Bandhavgar Colony, Satna - MPPCB",2018-06-27T02:00:00Z,CO,51,103,91,NA
307,India,"Madhya Pradesh",Singrauli,"Vindhyachal STPS, Singrauli - MPPCB",2018-06-27T02:00:00Z,PM2.5,NA,NA,NA,NA
308,India,"Madhya Pradesh",Singrauli,"Vindhyachal STPS, Singrauli - MPPCB",2018-06-27T02:00:00Z,PM10,NA,NA,NA,NA
309,India,"Madhya Pradesh",Singrauli,"Vindhyachal STPS, Singrauli - MPPCB",2018-06-27T02:00:00Z,NO2,NA,NA,NA,NA
310,India,"Madhya Pradesh",Singrauli,"Vindhyachal STPS, Singrauli - MPPCB",2018-06-27T02:00:00Z,NH3,NA,NA,NA,NA
311,India,"Madhya Pradesh",Singrauli,"Vindhyachal STPS, Singrauli - MPPCB",2018-06-27T02:00:00Z,SO2,NA,NA,NA,NA
312,India,"Madhya Pradesh",Singrauli,"Vindhyachal STPS, Singrauli - MPPCB",2018-06-27T02:00:00Z,CO,12,67,35,NA
313,India,"Madhya Pradesh",Singrauli,"Vindhyachal STPS, Singrauli - MPPCB",2018-06-27T02:00:00Z,OZONE,4,44,19,NA
314,India,"Madhya Pradesh",Ujjain,"Mahakaleshwar Temple, Ujjain - MPPCB",2018-06-27T02:00:00Z,PM2.5,18,85,48,NA
315,India,"Madhya Pradesh",Ujjain,"Mahakaleshwar Temple, Ujjain - MPPCB",2018-06-27T02:00:00Z,PM10,18,104,65,NA
316,India,"Madhya Pradesh",Ujjain,"Mahakaleshwar Temple, Ujjain - MPPCB",2018-06-27T02:00:00Z,NO2,7,22,11,NA
317,India,"Madhya Pradesh",Ujjain,"Mahakaleshwar Temple, Ujjain - MPPCB",2018-06-27T02:00:00Z,NH3,3,5,4,NA
318,India,"Madhya Pradesh",Ujjain,"Mahakaleshwar Temple, Ujjain - MPPCB",2018-06-27T02:00:00Z,SO2,1,5,4,NA
319,India,"Madhya Pradesh",Ujjain,"Mahakaleshwar Temple, Ujjain - MPPCB",2018-06-27T02:00:00Z,CO,25,49,35,NA
320,India,"Madhya Pradesh",Ujjain,"Mahakaleshwar Temple, Ujjain - MPPCB",2018-06-27T02:00:00Z,OZONE,35,80,56,NA
321,India,Maharashtra,Aurangabad,"More Chowk Waluj, Aurangabad - MPCB",2018-06-27T02:00:00Z,PM10,8,59,34,NA
322,India,Maharashtra,Aurangabad,"More Chowk Waluj, Aurangabad - MPCB",2018-06-27T02:00:00Z,NO2,NA,NA,NA,NA
323,India,Maharashtra,Aurangabad,"More Chowk Waluj, Aurangabad - MPCB",2018-06-27T02:00:00Z,NH3,NA,NA,NA,NA
324,India,Maharashtra,Aurangabad,"More Chowk Waluj, Aurangabad - MPCB",2018-06-27T02:00:00Z,SO2,2,22,8,NA
325,India,Maharashtra,Aurangabad,"More Chowk Waluj, Aurangabad - MPCB",2018-06-27T02:00:00Z,CO,7,34,23,NA
326,India,Maharashtra,Aurangabad,"More Chowk Waluj, Aurangabad - MPCB",2018-06-27T02:00:00Z,OZONE,8,36,15,NA
327,India,Maharashtra,Chandrapur,"MIDC Khutala, Chandrapur - MPCB",2018-06-27T02:00:00Z,PM2.5,13,245,44,NA
328,India,Maharashtra,Chandrapur,"MIDC Khutala, Chandrapur - MPCB",2018-06-27T02:00:00Z,PM10,12,47,25,NA
329,India,Maharashtra,Chandrapur,"MIDC Khutala, Chandrapur - MPCB",2018-06-27T02:00:00Z,NO2,2,7,4,NA
330,India,Maharashtra,Chandrapur,"MIDC Khutala, Chandrapur - MPCB",2018-06-27T02:00:00Z,SO2,NA,NA,NA,NA
331,India,Maharashtra,Chandrapur,"MIDC Khutala, Chandrapur - MPCB",2018-06-27T02:00:00Z,CO,22,22,22,NA
332,India,Maharashtra,Chandrapur,"MIDC Khutala, Chandrapur - MPCB",2018-06-27T02:00:00Z,OZONE,11,44,37,NA
333,India,Maharashtra,Mumbai,"Bandra, Mumbai - MPCB",2018-06-27T02:00:00Z,PM2.5,16,199,40,NA
334,India,Maharashtra,Mumbai,"Bandra, Mumbai - MPCB",2018-06-27T02:00:00Z,PM10,12,201,70,NA
335,India,Maharashtra,Mumbai,"Bandra, Mumbai - MPCB",2018-06-27T02:00:00Z,NO2,1,18,10,NA
336,India,Maharashtra,Mumbai,"Bandra, Mumbai - MPCB",2018-06-27T02:00:00Z,SO2,12,31,25,NA
337,India,Maharashtra,Mumbai,"Bandra, Mumbai - MPCB",2018-06-27T02:00:00Z,CO,55,66,62,NA
338,India,Maharashtra,Mumbai,"Bandra, Mumbai - MPCB",2018-06-27T02:00:00Z,OZONE,15,44,35,NA
339,India,Maharashtra,Nagpur,"Opp GPO Civil Lines, Nagpur - MPCB",2018-06-27T02:00:00Z,PM2.5,9,52,27,NA
340,India,Maharashtra,Nagpur,"Opp GPO Civil Lines, Nagpur - MPCB",2018-06-27T02:00:00Z,PM10,12,67,35,NA
341,India,Maharashtra,Nagpur,"Opp GPO Civil Lines, Nagpur - MPCB",2018-06-27T02:00:00Z,NO2,1,29,16,NA
342,India,Maharashtra,Nagpur,"Opp GPO Civil Lines, Nagpur - MPCB",2018-06-27T02:00:00Z,NH3,2,4,3,NA
343,India,Maharashtra,Nagpur,"Opp GPO Civil Lines, Nagpur - MPCB",2018-06-27T02:00:00Z,SO2,1,5,1,NA
344,India,Maharashtra,Nagpur,"Opp GPO Civil Lines, Nagpur - MPCB",2018-06-27T02:00:00Z,CO,8,68,40,NA
345,India,Maharashtra,Nagpur,"Opp GPO Civil Lines, Nagpur - MPCB",2018-06-27T02:00:00Z,OZONE,13,29,17,NA
346,India,Maharashtra,Nashik,"Gangapur Road, Nashik - MPCB",2018-06-27T02:00:00Z,PM2.5,1,46,28,NA
347,India,Maharashtra,Nashik,"Gangapur Road, Nashik - MPCB",2018-06-27T02:00:00Z,PM10,16,63,46,NA
348,India,Maharashtra,Nashik,"Gangapur Road, Nashik - MPCB",2018-06-27T02:00:00Z,NO2,7,18,12,NA
349,India,Maharashtra,Nashik,"Gangapur Road, Nashik - MPCB",2018-06-27T02:00:00Z,SO2,1,8,2,NA
350,India,Maharashtra,Nashik,"Gangapur Road, Nashik - MPCB",2018-06-27T02:00:00Z,CO,3,40,21,NA
351,India,Maharashtra,Nashik,"Gangapur Road, Nashik - MPCB",2018-06-27T02:00:00Z,OZONE,19,44,26,NA
352,India,Maharashtra,Pune,"Karve Road Pune, Pune - MPCB",2018-06-27T02:00:00Z,PM2.5,24,72,46,NA
353,India,Maharashtra,Pune,"Karve Road Pune, Pune - MPCB",2018-06-27T02:00:00Z,PM10,10,82,47,NA
354,India,Maharashtra,Pune,"Karve Road Pune, Pune - MPCB",2018-06-27T02:00:00Z,NO2,13,16,15,NA
355,India,Maharashtra,Pune,"Karve Road Pune, Pune - MPCB",2018-06-27T02:00:00Z,SO2,35,42,40,NA
356,India,Maharashtra,Pune,"Karve Road Pune, Pune - MPCB",2018-06-27T02:00:00Z,CO,48,61,55,NA
357,India,Maharashtra,Pune,"Karve Road Pune, Pune - MPCB",2018-06-27T02:00:00Z,OZONE,7,9,8,NA
358,India,Maharashtra,Solapur,"Solapur, Solapur - MPCB",2018-06-27T02:00:00Z,PM2.5,1,54,20,NA
359,India,Maharashtra,Solapur,"Solapur, Solapur - MPCB",2018-06-27T02:00:00Z,PM10,19,81,44,NA
360,India,Maharashtra,Solapur,"Solapur, Solapur - MPCB",2018-06-27T02:00:00Z,NO2,7,36,16,NA
361,India,Maharashtra,Solapur,"Solapur, Solapur - MPCB",2018-06-27T02:00:00Z,SO2,13,14,14,NA
362,India,Maharashtra,Solapur,"Solapur, Solapur - MPCB",2018-06-27T02:00:00Z,CO,1,45,21,NA
363,India,Maharashtra,Solapur,"Solapur, Solapur - MPCB",2018-06-27T02:00:00Z,OZONE,28,67,38,NA
364,India,Maharashtra,Thane,"Pimpleshwar Mandir, Thane - MPCB",2018-06-27T02:00:00Z,PM2.5,11,43,19,NA
365,India,Maharashtra,Thane,"Pimpleshwar Mandir, Thane - MPCB",2018-06-27T02:00:00Z,PM10,43,69,54,NA
366,India,Maharashtra,Thane,"Pimpleshwar Mandir, Thane - MPCB",2018-06-27T02:00:00Z,NO2,8,20,11,NA
367,India,Maharashtra,Thane,"Pimpleshwar Mandir, Thane - MPCB",2018-06-27T02:00:00Z,NH3,5,10,7,NA
368,India,Maharashtra,Thane,"Pimpleshwar Mandir, Thane - MPCB",2018-06-27T02:00:00Z,SO2,2,9,5,NA
369,India,Maharashtra,Thane,"Pimpleshwar Mandir, Thane - MPCB",2018-06-27T02:00:00Z,CO,22,40,31,NA
370,India,Maharashtra,Thane,"Pimpleshwar Mandir, Thane - MPCB",2018-06-27T02:00:00Z,OZONE,2,7,3,NA
371,India,Odisha,Brajrajnagar,"GM Office, Brajrajnagar - OSPCB",2018-06-27T02:00:00Z,PM2.5,9,137,53,NA
372,India,Odisha,Brajrajnagar,"GM Office, Brajrajnagar - OSPCB",2018-06-27T02:00:00Z,PM10,1,115,52,NA
373,India,Odisha,Brajrajnagar,"GM Office, Brajrajnagar - OSPCB",2018-06-27T02:00:00Z,NO2,8,26,14,NA
374,India,Odisha,Brajrajnagar,"GM Office, Brajrajnagar - OSPCB",2018-06-27T02:00:00Z,NH3,1,2,1,NA
375,India,Odisha,Brajrajnagar,"GM Office, Brajrajnagar - OSPCB",2018-06-27T02:00:00Z,SO2,15,17,16,NA
376,India,Odisha,Brajrajnagar,"GM Office, Brajrajnagar - OSPCB",2018-06-27T02:00:00Z,CO,105,109,108,NA
377,India,Odisha,Brajrajnagar,"GM Office, Brajrajnagar - OSPCB",2018-06-27T02:00:00Z,OZONE,5,13,7,NA
378,India,Odisha,Talcher,"Talcher Coalfields,Talcher - OSPCB",2018-06-27T02:00:00Z,PM2.5,15,174,65,NA
379,India,Odisha,Talcher,"Talcher Coalfields,Talcher - OSPCB",2018-06-27T02:00:00Z,PM10,44,230,127,NA
380,India,Odisha,Talcher,"Talcher Coalfields,Talcher - OSPCB",2018-06-27T02:00:00Z,SO2,45,61,54,NA
381,India,Odisha,Talcher,"Talcher Coalfields,Talcher - OSPCB",2018-06-27T02:00:00Z,CO,100,107,104,NA
382,India,Punjab,Amritsar,"Golden Temple, Amritsar - PPCB",2018-06-27T02:00:00Z,PM2.5,31,207,93,NA
383,India,Punjab,Amritsar,"Golden Temple, Amritsar - PPCB",2018-06-27T02:00:00Z,PM10,63,421,197,NA
384,India,Punjab,Amritsar,"Golden Temple, Amritsar - PPCB",2018-06-27T02:00:00Z,NO2,19,21,20,NA
385,India,Punjab,Amritsar,"Golden Temple, Amritsar - PPCB",2018-06-27T02:00:00Z,NH3,2,2,2,NA
386,India,Punjab,Amritsar,"Golden Temple, Amritsar - PPCB",2018-06-27T02:00:00Z,SO2,3,13,8,NA
387,India,Punjab,Amritsar,"Golden Temple, Amritsar - PPCB",2018-06-27T02:00:00Z,OZONE,23,42,32,NA
388,India,Punjab,Bathinda,"Hardev Nagar, Bathinda - PPCB",2018-06-27T02:00:00Z,PM2.5,59,147,98,NA
389,India,Punjab,Bathinda,"Hardev Nagar, Bathinda - PPCB",2018-06-27T02:00:00Z,PM10,104,105,105,NA
390,India,Punjab,Bathinda,"Hardev Nagar, Bathinda - PPCB",2018-06-27T02:00:00Z,NO2,17,17,17,NA
391,India,Punjab,Bathinda,"Hardev Nagar, Bathinda - PPCB",2018-06-27T02:00:00Z,SO2,5,20,13,NA
392,India,Punjab,Bathinda,"Hardev Nagar, Bathinda - PPCB",2018-06-27T02:00:00Z,CO,14,32,23,NA
393,India,Punjab,Jalandhar,"Civil Line, Jalandhar - PPCB",2018-06-27T02:00:00Z,PM2.5,74,342,130,NA
394,India,Punjab,Jalandhar,"Civil Line, Jalandhar - PPCB",2018-06-27T02:00:00Z,PM10,52,170,82,NA
395,India,Punjab,Jalandhar,"Civil Line, Jalandhar - PPCB",2018-06-27T02:00:00Z,NO2,11,18,15,NA
396,India,Punjab,Jalandhar,"Civil Line, Jalandhar - PPCB",2018-06-27T02:00:00Z,NH3,4,5,4,NA
397,India,Punjab,Jalandhar,"Civil Line, Jalandhar - PPCB",2018-06-27T02:00:00Z,SO2,5,20,9,NA
398,India,Punjab,Jalandhar,"Civil Line, Jalandhar - PPCB",2018-06-27T02:00:00Z,CO,41,55,50,NA
399,India,Punjab,Jalandhar,"Civil Line, Jalandhar - PPCB",2018-06-27T02:00:00Z,OZONE,2,26,12,NA
400,India,Punjab,Khanna,"Kalal Majra, Khanna - PPCB",2018-06-27T02:00:00Z,PM2.5,25,73,45,NA
401,India,Punjab,Khanna,"Kalal Majra, Khanna - PPCB",2018-06-27T02:00:00Z,PM10,56,127,89,NA
402,India,Punjab,Khanna,"Kalal Majra, Khanna - PPCB",2018-06-27T02:00:00Z,NO2,22,27,24,NA
403,India,Punjab,Khanna,"Kalal Majra, Khanna - PPCB",2018-06-27T02:00:00Z,NH3,2,2,2,NA
404,India,Punjab,Khanna,"Kalal Majra, Khanna - PPCB",2018-06-27T02:00:00Z,SO2,5,17,8,NA
405,India,Punjab,Khanna,"Kalal Majra, Khanna - PPCB",2018-06-27T02:00:00Z,CO,15,22,17,NA
406,India,Punjab,Khanna,"Kalal Majra, Khanna - PPCB",2018-06-27T02:00:00Z,OZONE,3,32,11,NA
407,India,Punjab,Ludhiana,"Punjab Agricultural University, Ludhiana - PPCB",2018-06-27T02:00:00Z,PM2.5,54,128,91,NA
408,India,Punjab,Ludhiana,"Punjab Agricultural University, Ludhiana - PPCB",2018-06-27T02:00:00Z,PM10,98,181,125,NA
409,India,Punjab,Ludhiana,"Punjab Agricultural University, Ludhiana - PPCB",2018-06-27T02:00:00Z,NO2,12,19,16,NA
410,India,Punjab,Ludhiana,"Punjab Agricultural University, Ludhiana - PPCB",2018-06-27T02:00:00Z,NH3,1,2,1,NA
411,India,Punjab,Ludhiana,"Punjab Agricultural University, Ludhiana - PPCB",2018-06-27T02:00:00Z,SO2,3,33,9,NA
412,India,Punjab,Ludhiana,"Punjab Agricultural University, Ludhiana - PPCB",2018-06-27T02:00:00Z,CO,5,75,33,NA
413,India,Punjab,Ludhiana,"Punjab Agricultural University, Ludhiana - PPCB",2018-06-27T02:00:00Z,OZONE,30,56,38,NA
414,India,Punjab,"Mandi Gobindgarh","RIMT University, Mandi Gobindgarh - PPCB",2018-06-27T02:00:00Z,PM2.5,1,92,37,NA
415,India,Punjab,"Mandi Gobindgarh","RIMT University, Mandi Gobindgarh - PPCB",2018-06-27T02:00:00Z,PM10,30,132,65,NA
416,India,Punjab,"Mandi Gobindgarh","RIMT University, Mandi Gobindgarh - PPCB",2018-06-27T02:00:00Z,NO2,NA,NA,NA,NA
417,India,Punjab,"Mandi Gobindgarh","RIMT University, Mandi Gobindgarh - PPCB",2018-06-27T02:00:00Z,NH3,5,6,5,NA
418,India,Punjab,"Mandi Gobindgarh","RIMT University, Mandi Gobindgarh - PPCB",2018-06-27T02:00:00Z,SO2,1,7,3,NA
419,India,Punjab,"Mandi Gobindgarh","RIMT University, Mandi Gobindgarh - PPCB",2018-06-27T02:00:00Z,CO,14,36,21,NA
420,India,Punjab,"Mandi Gobindgarh","RIMT University, Mandi Gobindgarh - PPCB",2018-06-27T02:00:00Z,OZONE,14,41,35,NA
421,India,Punjab,Patiala,"Model Town, Patiala - PPCB",2018-06-27T02:00:00Z,PM2.5,22,51,38,NA
422,India,Punjab,Patiala,"Model Town, Patiala - PPCB",2018-06-27T02:00:00Z,PM10,31,73,55,NA
423,India,Punjab,Patiala,"Model Town, Patiala - PPCB",2018-06-27T02:00:00Z,NO2,18,25,21,NA
424,India,Punjab,Patiala,"Model Town, Patiala - PPCB",2018-06-27T02:00:00Z,NH3,2,2,2,NA
425,India,Punjab,Patiala,"Model Town, Patiala - PPCB",2018-06-27T02:00:00Z,SO2,4,4,4,NA
426,India,Punjab,Patiala,"Model Town, Patiala - PPCB",2018-06-27T02:00:00Z,CO,18,45,30,NA
427,India,Punjab,Patiala,"Model Town, Patiala - PPCB",2018-06-27T02:00:00Z,OZONE,9,47,17,NA
428,India,Punjab,Rupnagar,"Ratanpura, Rupnagar - PPCB",2018-06-27T02:00:00Z,PM2.5,49,140,96,NA
429,India,Punjab,Rupnagar,"Ratanpura, Rupnagar - PPCB",2018-06-27T02:00:00Z,PM10,38,178,115,NA
430,India,Punjab,Rupnagar,"Ratanpura, Rupnagar - PPCB",2018-06-27T02:00:00Z,NO2,8,20,12,NA
431,India,Punjab,Rupnagar,"Ratanpura, Rupnagar - PPCB",2018-06-27T02:00:00Z,SO2,5,18,9,NA
432,India,Punjab,Rupnagar,"Ratanpura, Rupnagar - PPCB",2018-06-27T02:00:00Z,CO,11,46,27,NA
433,India,Rajasthan,Ajmer,"Civil Lines, Ajmer - RSPCB",2018-06-27T02:00:00Z,PM2.5,31,500,124,NA
434,India,Rajasthan,Ajmer,"Civil Lines, Ajmer - RSPCB",2018-06-27T02:00:00Z,PM10,40,144,93,NA
435,India,Rajasthan,Ajmer,"Civil Lines, Ajmer - RSPCB",2018-06-27T02:00:00Z,NO2,10,43,21,NA
436,India,Rajasthan,Ajmer,"Civil Lines, Ajmer - RSPCB",2018-06-27T02:00:00Z,NH3,5,8,7,NA
437,India,Rajasthan,Ajmer,"Civil Lines, Ajmer - RSPCB",2018-06-27T02:00:00Z,SO2,3,7,5,NA
438,India,Rajasthan,Ajmer,"Civil Lines, Ajmer - RSPCB",2018-06-27T02:00:00Z,CO,16,36,22,NA
439,India,Rajasthan,Ajmer,"Civil Lines, Ajmer - RSPCB",2018-06-27T02:00:00Z,OZONE,22,72,51,NA
440,India,Rajasthan,Alwar,"Moti Doongri, Alwar, Rajasthan - RSPCB",2018-06-27T02:00:00Z,PM2.5,7,94,54,NA
441,India,Rajasthan,Alwar,"Moti Doongri, Alwar, Rajasthan - RSPCB",2018-06-27T02:00:00Z,PM10,23,107,65,NA
442,India,Rajasthan,Alwar,"Moti Doongri, Alwar, Rajasthan - RSPCB",2018-06-27T02:00:00Z,NO2,10,70,28,NA
443,India,Rajasthan,Alwar,"Moti Doongri, Alwar, Rajasthan - RSPCB",2018-06-27T02:00:00Z,NH3,7,18,12,NA
444,India,Rajasthan,Alwar,"Moti Doongri, Alwar, Rajasthan - RSPCB",2018-06-27T02:00:00Z,SO2,4,68,20,NA
445,India,Rajasthan,Alwar,"Moti Doongri, Alwar, Rajasthan - RSPCB",2018-06-27T02:00:00Z,CO,1,74,41,NA
446,India,Rajasthan,Alwar,"Moti Doongri, Alwar, Rajasthan - RSPCB",2018-06-27T02:00:00Z,OZONE,13,75,31,NA
447,India,Rajasthan,Bhiwadi,"RIICO Ind. Area III, Bhiwadi, Rajasthan - RSPCB",2018-06-27T02:00:00Z,PM2.5,72,303,134,NA
448,India,Rajasthan,Bhiwadi,"RIICO Ind. Area III, Bhiwadi, Rajasthan - RSPCB",2018-06-27T02:00:00Z,PM10,140,249,180,NA
449,India,Rajasthan,Bhiwadi,"RIICO Ind. Area III, Bhiwadi, Rajasthan - RSPCB",2018-06-27T02:00:00Z,NO2,20,134,38,NA
450,India,Rajasthan,Bhiwadi,"RIICO Ind. Area III, Bhiwadi, Rajasthan - RSPCB",2018-06-27T02:00:00Z,NH3,3,5,4,NA
451,India,Rajasthan,Bhiwadi,"RIICO Ind. Area III, Bhiwadi, Rajasthan - RSPCB",2018-06-27T02:00:00Z,SO2,NA,NA,NA,NA
452,India,Rajasthan,Bhiwadi,"RIICO Ind. Area III, Bhiwadi, Rajasthan - RSPCB",2018-06-27T02:00:00Z,CO,3,39,23,NA
453,India,Rajasthan,Bhiwadi,"RIICO Ind. Area III, Bhiwadi, Rajasthan - RSPCB",2018-06-27T02:00:00Z,OZONE,1,14,4,NA
454,India,Rajasthan,Jaipur,"Adarsh Nagar, Jaipur - RSPCB",2018-06-27T02:00:00Z,PM2.5,21,116,70,NA
455,India,Rajasthan,Jaipur,"Adarsh Nagar, Jaipur - RSPCB",2018-06-27T02:00:00Z,PM10,23,106,68,NA
456,India,Rajasthan,Jaipur,"Adarsh Nagar, Jaipur - RSPCB",2018-06-27T02:00:00Z,NO2,18,43,29,NA
457,India,Rajasthan,Jaipur,"Adarsh Nagar, Jaipur - RSPCB",2018-06-27T02:00:00Z,NH3,2,7,4,NA
458,India,Rajasthan,Jaipur,"Adarsh Nagar, Jaipur - RSPCB",2018-06-27T02:00:00Z,SO2,2,10,7,NA
459,India,Rajasthan,Jaipur,"Adarsh Nagar, Jaipur - RSPCB",2018-06-27T02:00:00Z,CO,13,66,41,NA
460,India,Rajasthan,Jaipur,"Adarsh Nagar, Jaipur - RSPCB",2018-06-27T02:00:00Z,OZONE,13,65,33,NA
461,India,Rajasthan,Jaipur,"Police Commissionerate, Jaipur - RSPCB",2018-06-27T02:00:00Z,PM2.5,14,305,100,NA
462,India,Rajasthan,Jaipur,"Police Commissionerate, Jaipur - RSPCB",2018-06-27T02:00:00Z,PM10,18,194,88,NA
463,India,Rajasthan,Jaipur,"Police Commissionerate, Jaipur - RSPCB",2018-06-27T02:00:00Z,SO2,1,25,9,NA
464,India,Rajasthan,Jaipur,"Police Commissionerate, Jaipur - RSPCB",2018-06-27T02:00:00Z,CO,65,86,77,NA
465,India,Rajasthan,Jaipur,"Police Commissionerate, Jaipur - RSPCB",2018-06-27T02:00:00Z,OZONE,13,60,24,NA
466,India,Rajasthan,Jaipur,"Shastri Nagar, Jaipur - RSPCB",2018-06-27T02:00:00Z,PM2.5,23,221,90,NA
467,India,Rajasthan,Jaipur,"Shastri Nagar, Jaipur - RSPCB",2018-06-27T02:00:00Z,PM10,28,113,66,NA
468,India,Rajasthan,Jaipur,"Shastri Nagar, Jaipur - RSPCB",2018-06-27T02:00:00Z,NO2,11,38,26,NA
469,India,Rajasthan,Jaipur,"Shastri Nagar, Jaipur - RSPCB",2018-06-27T02:00:00Z,NH3,6,13,9,NA
470,India,Rajasthan,Jaipur,"Shastri Nagar, Jaipur - RSPCB",2018-06-27T02:00:00Z,SO2,2,35,17,NA
471,India,Rajasthan,Jaipur,"Shastri Nagar, Jaipur - RSPCB",2018-06-27T02:00:00Z,CO,14,62,36,NA
472,India,Rajasthan,Jaipur,"Shastri Nagar, Jaipur - RSPCB",2018-06-27T02:00:00Z,OZONE,21,75,43,NA
473,India,Rajasthan,Jodhpur,"Collectorate, Jodhpur - RSPCB",2018-06-27T02:00:00Z,PM2.5,19,201,145,NA
474,India,Rajasthan,Jodhpur,"Collectorate, Jodhpur - RSPCB",2018-06-27T02:00:00Z,PM10,43,147,116,NA
475,India,Rajasthan,Jodhpur,"Collectorate, Jodhpur - RSPCB",2018-06-27T02:00:00Z,NO2,21,68,37,NA
476,India,Rajasthan,Jodhpur,"Collectorate, Jodhpur - RSPCB",2018-06-27T02:00:00Z,SO2,4,21,10,NA
477,India,Rajasthan,Jodhpur,"Collectorate, Jodhpur - RSPCB",2018-06-27T02:00:00Z,CO,2,105,25,NA
478,India,Rajasthan,Jodhpur,"Collectorate, Jodhpur - RSPCB",2018-06-27T02:00:00Z,OZONE,14,107,25,NA
479,India,Rajasthan,Kota,"Shrinath Puram, Kota - RSPCB",2018-06-27T02:00:00Z,PM2.5,NA,NA,NA,NA
480,India,Rajasthan,Kota,"Shrinath Puram, Kota - RSPCB",2018-06-27T02:00:00Z,PM10,NA,NA,NA,NA
481,India,Rajasthan,Kota,"Shrinath Puram, Kota - RSPCB",2018-06-27T02:00:00Z,NO2,NA,NA,NA,NA
482,India,Rajasthan,Kota,"Shrinath Puram, Kota - RSPCB",2018-06-27T02:00:00Z,NH3,NA,NA,NA,NA
483,India,Rajasthan,Kota,"Shrinath Puram, Kota - RSPCB",2018-06-27T02:00:00Z,SO2,NA,NA,NA,NA
484,India,Rajasthan,Kota,"Shrinath Puram, Kota - RSPCB",2018-06-27T02:00:00Z,CO,1,14,3,NA
485,India,Rajasthan,Kota,"Shrinath Puram, Kota - RSPCB",2018-06-27T02:00:00Z,OZONE,17,78,36,NA
486,India,Rajasthan,Pali,"Indira Colony Vistar, Pali - RSPCB",2018-06-27T02:00:00Z,PM2.5,45,92,76,NA
487,India,Rajasthan,Pali,"Indira Colony Vistar, Pali - RSPCB",2018-06-27T02:00:00Z,PM10,39,128,98,NA
488,India,Rajasthan,Pali,"Indira Colony Vistar, Pali - RSPCB",2018-06-27T02:00:00Z,NO2,20,36,29,NA
489,India,Rajasthan,Pali,"Indira Colony Vistar, Pali - RSPCB",2018-06-27T02:00:00Z,NH3,5,7,6,NA
490,India,Rajasthan,Pali,"Indira Colony Vistar, Pali - RSPCB",2018-06-27T02:00:00Z,SO2,6,17,11,NA
491,India,Rajasthan,Pali,"Indira Colony Vistar, Pali - RSPCB",2018-06-27T02:00:00Z,CO,15,26,20,NA
492,India,Rajasthan,Pali,"Indira Colony Vistar, Pali - RSPCB",2018-06-27T02:00:00Z,OZONE,23,73,52,NA
493,India,Rajasthan,Udaipur,"Ashok Nagar, Udaipur - RSPCB",2018-06-27T02:00:00Z,PM2.5,10,172,78,NA
494,India,Rajasthan,Udaipur,"Ashok Nagar, Udaipur - RSPCB",2018-06-27T02:00:00Z,PM10,4,156,78,NA
495,India,Rajasthan,Udaipur,"Ashok Nagar, Udaipur - RSPCB",2018-06-27T02:00:00Z,NO2,9,44,25,NA
496,India,Rajasthan,Udaipur,"Ashok Nagar, Udaipur - RSPCB",2018-06-27T02:00:00Z,NH3,9,15,12,NA
497,India,Rajasthan,Udaipur,"Ashok Nagar, Udaipur - RSPCB",2018-06-27T02:00:00Z,SO2,7,26,19,NA
498,India,Rajasthan,Udaipur,"Ashok Nagar, Udaipur - RSPCB",2018-06-27T02:00:00Z,CO,14,103,64,NA
499,India,Rajasthan,Udaipur,"Ashok Nagar, Udaipur - RSPCB",2018-06-27T02:00:00Z,OZONE,15,28,24,NA
500,India,TamilNadu,Chennai,"Manali, Chennai - CPCB",2018-06-27T02:00:00Z,PM2.5,23,339,138,NA
501,India,TamilNadu,Chennai,"Manali, Chennai - CPCB",2018-06-27T02:00:00Z,NO2,27,41,33,NA
502,India,TamilNadu,Chennai,"Manali, Chennai - CPCB",2018-06-27T02:00:00Z,NH3,2,21,8,NA
503,India,TamilNadu,Chennai,"Manali, Chennai - CPCB",2018-06-27T02:00:00Z,SO2,4,10,7,NA
504,India,TamilNadu,Chennai,"Manali, Chennai - CPCB",2018-06-27T02:00:00Z,CO,28,63,44,NA
505,India,TamilNadu,Chennai,"Velachery Res. Area, Chennai - CPCB",2018-06-27T02:00:00Z,PM2.5,68,166,97,NA
506,India,TamilNadu,Chennai,"Velachery Res. Area, Chennai - CPCB",2018-06-27T02:00:00Z,NO2,16,23,20,NA
507,India,TamilNadu,Chennai,"Velachery Res. Area, Chennai - CPCB",2018-06-27T02:00:00Z,SO2,1,17,6,NA
508,India,TamilNadu,Chennai,"Velachery Res. Area, Chennai - CPCB",2018-06-27T02:00:00Z,CO,18,42,29,NA
509,India,TamilNadu,Chennai,"Velachery Res. Area, Chennai - CPCB",2018-06-27T02:00:00Z,OZONE,12,70,26,NA
510,India,Telangana,Hyderabad,"Bollaram Industrial Area, Hyderabad - TSPCB",2018-06-27T02:00:00Z,PM2.5,17,40,29,NA
511,India,Telangana,Hyderabad,"Bollaram Industrial Area, Hyderabad - TSPCB",2018-06-27T02:00:00Z,PM10,23,92,56,NA
512,India,Telangana,Hyderabad,"Bollaram Industrial Area, Hyderabad - TSPCB",2018-06-27T02:00:00Z,NO2,19,33,23,NA
513,India,Telangana,Hyderabad,"Bollaram Industrial Area, Hyderabad - TSPCB",2018-06-27T02:00:00Z,NH3,2,15,5,NA
514,India,Telangana,Hyderabad,"Bollaram Industrial Area, Hyderabad - TSPCB",2018-06-27T02:00:00Z,SO2,6,17,10,NA
515,India,Telangana,Hyderabad,"Bollaram Industrial Area, Hyderabad - TSPCB",2018-06-27T02:00:00Z,CO,1,16,6,NA
516,India,Telangana,Hyderabad,"Bollaram Industrial Area, Hyderabad - TSPCB",2018-06-27T02:00:00Z,OZONE,8,15,12,NA
517,India,Telangana,Hyderabad,"Central University, Hyderabad - TSPCB",2018-06-27T02:00:00Z,PM2.5,20,38,27,NA
518,India,Telangana,Hyderabad,"Central University, Hyderabad - TSPCB",2018-06-27T02:00:00Z,PM10,NA,NA,NA,NA
519,India,Telangana,Hyderabad,"Central University, Hyderabad - TSPCB",2018-06-27T02:00:00Z,NO2,12,19,15,NA
520,India,Telangana,Hyderabad,"Central University, Hyderabad - TSPCB",2018-06-27T02:00:00Z,NH3,1,2,1,NA
521,India,Telangana,Hyderabad,"Central University, Hyderabad - TSPCB",2018-06-27T02:00:00Z,SO2,1,5,3,NA
522,India,Telangana,Hyderabad,"Central University, Hyderabad - TSPCB",2018-06-27T02:00:00Z,CO,7,12,9,NA
523,India,Telangana,Hyderabad,"Central University, Hyderabad - TSPCB",2018-06-27T02:00:00Z,OZONE,18,35,28,NA
524,India,Telangana,Hyderabad,"ICRISAT Patancheru, Hyderabad - TSPCB",2018-06-27T02:00:00Z,PM2.5,NA,NA,NA,NA
525,India,Telangana,Hyderabad,"ICRISAT Patancheru, Hyderabad - TSPCB",2018-06-27T02:00:00Z,PM10,NA,NA,NA,NA
526,India,Telangana,Hyderabad,"ICRISAT Patancheru, Hyderabad - TSPCB",2018-06-27T02:00:00Z,NO2,NA,NA,NA,NA
527,India,Telangana,Hyderabad,"ICRISAT Patancheru, Hyderabad - TSPCB",2018-06-27T02:00:00Z,NH3,NA,NA,NA,NA
528,India,Telangana,Hyderabad,"ICRISAT Patancheru, Hyderabad - TSPCB",2018-06-27T02:00:00Z,SO2,NA,NA,NA,NA
529,India,Telangana,Hyderabad,"ICRISAT Patancheru, Hyderabad - TSPCB",2018-06-27T02:00:00Z,CO,NA,NA,NA,NA
530,India,Telangana,Hyderabad,"ICRISAT Patancheru, Hyderabad - TSPCB",2018-06-27T02:00:00Z,OZONE,NA,NA,NA,NA
531,India,Telangana,Hyderabad,"IDA Pashamylaram, Hyderabad - TSPCB",2018-06-27T02:00:00Z,PM2.5,12,35,25,NA
532,India,Telangana,Hyderabad,"IDA Pashamylaram, Hyderabad - TSPCB",2018-06-27T02:00:00Z,PM10,25,62,42,NA
533,India,Telangana,Hyderabad,"IDA Pashamylaram, Hyderabad - TSPCB",2018-06-27T02:00:00Z,NO2,51,85,74,NA
534,India,Telangana,Hyderabad,"IDA Pashamylaram, Hyderabad - TSPCB",2018-06-27T02:00:00Z,NH3,3,10,4,NA
535,India,Telangana,Hyderabad,"IDA Pashamylaram, Hyderabad - TSPCB",2018-06-27T02:00:00Z,SO2,1,7,4,NA
536,India,Telangana,Hyderabad,"IDA Pashamylaram, Hyderabad - TSPCB",2018-06-27T02:00:00Z,CO,10,23,15,NA
537,India,Telangana,Hyderabad,"IDA Pashamylaram, Hyderabad - TSPCB",2018-06-27T02:00:00Z,OZONE,5,12,8,NA
538,India,Telangana,Hyderabad,"Sanathnagar, Hyderabad - TSPCB",2018-06-27T02:00:00Z,PM2.5,13,55,34,NA
539,India,Telangana,Hyderabad,"Sanathnagar, Hyderabad - TSPCB",2018-06-27T02:00:00Z,NO2,11,38,21,NA
540,India,Telangana,Hyderabad,"Sanathnagar, Hyderabad - TSPCB",2018-06-27T02:00:00Z,SO2,5,31,12,NA
541,India,Telangana,Hyderabad,"Sanathnagar, Hyderabad - TSPCB",2018-06-27T02:00:00Z,CO,7,24,16,NA
542,India,Telangana,Hyderabad,"Sanathnagar, Hyderabad - TSPCB",2018-06-27T02:00:00Z,OZONE,10,26,13,NA
543,India,Telangana,Hyderabad,"Zoo Park, Hyderabad - TSPCB",2018-06-27T02:00:00Z,PM2.5,NA,NA,NA,NA
544,India,Telangana,Hyderabad,"Zoo Park, Hyderabad - TSPCB",2018-06-27T02:00:00Z,PM10,NA,NA,NA,NA
545,India,Telangana,Hyderabad,"Zoo Park, Hyderabad - TSPCB",2018-06-27T02:00:00Z,NO2,NA,NA,NA,NA
546,India,Telangana,Hyderabad,"Zoo Park, Hyderabad - TSPCB",2018-06-27T02:00:00Z,NH3,NA,NA,NA,NA
547,India,Telangana,Hyderabad,"Zoo Park, Hyderabad - TSPCB",2018-06-27T02:00:00Z,SO2,NA,NA,NA,NA
548,India,Telangana,Hyderabad,"Zoo Park, Hyderabad - TSPCB",2018-06-27T02:00:00Z,CO,NA,NA,NA,NA
549,India,Telangana,Hyderabad,"Zoo Park, Hyderabad - TSPCB",2018-06-27T02:00:00Z,OZONE,NA,NA,NA,NA
550,India,Uttar_Pradesh,Agra,"Sanjay Palace, Agra - UPPCB",2018-06-27T02:00:00Z,PM2.5,35,98,73,NA
551,India,Uttar_Pradesh,Agra,"Sanjay Palace, Agra - UPPCB",2018-06-27T02:00:00Z,NO2,36,62,47,NA
552,India,Uttar_Pradesh,Agra,"Sanjay Palace, Agra - UPPCB",2018-06-27T02:00:00Z,SO2,1,21,8,NA
553,India,Uttar_Pradesh,Agra,"Sanjay Palace, Agra - UPPCB",2018-06-27T02:00:00Z,CO,2,49,29,NA
554,India,Uttar_Pradesh,Agra,"Sanjay Palace, Agra - UPPCB",2018-06-27T02:00:00Z,OZONE,12,17,15,NA
555,India,Uttar_Pradesh,Bulandshahr,"Yamunapuram, Bulandshahr - UPPCB",2018-06-27T02:00:00Z,PM2.5,NA,NA,NA,NA
556,India,Uttar_Pradesh,Bulandshahr,"Yamunapuram, Bulandshahr - UPPCB",2018-06-27T02:00:00Z,PM10,NA,NA,NA,NA
557,India,Uttar_Pradesh,Bulandshahr,"Yamunapuram, Bulandshahr - UPPCB",2018-06-27T02:00:00Z,NO2,NA,NA,NA,NA
558,India,Uttar_Pradesh,Bulandshahr,"Yamunapuram, Bulandshahr - UPPCB",2018-06-27T02:00:00Z,NH3,NA,NA,NA,NA
559,India,Uttar_Pradesh,Bulandshahr,"Yamunapuram, Bulandshahr - UPPCB",2018-06-27T02:00:00Z,SO2,NA,NA,NA,NA
560,India,Uttar_Pradesh,Bulandshahr,"Yamunapuram, Bulandshahr - UPPCB",2018-06-27T02:00:00Z,CO,NA,NA,NA,NA
561,India,Uttar_Pradesh,Bulandshahr,"Yamunapuram, Bulandshahr - UPPCB",2018-06-27T02:00:00Z,OZONE,NA,NA,NA,NA
562,India,Uttar_Pradesh,Ghaziabad,"Vasundhara, Ghaziabad, UP - UPPCB",2018-06-27T02:00:00Z,PM2.5,90,187,117,NA
563,India,Uttar_Pradesh,Ghaziabad,"Vasundhara, Ghaziabad, UP - UPPCB",2018-06-27T02:00:00Z,PM10,140,219,175,NA
564,India,Uttar_Pradesh,Ghaziabad,"Vasundhara, Ghaziabad, UP - UPPCB",2018-06-27T02:00:00Z,NO2,31,92,60,NA
565,India,Uttar_Pradesh,Ghaziabad,"Vasundhara, Ghaziabad, UP - UPPCB",2018-06-27T02:00:00Z,NH3,9,12,11,NA
566,India,Uttar_Pradesh,Ghaziabad,"Vasundhara, Ghaziabad, UP - UPPCB",2018-06-27T02:00:00Z,SO2,18,75,37,NA
567,India,Uttar_Pradesh,Ghaziabad,"Vasundhara, Ghaziabad, UP - UPPCB",2018-06-27T02:00:00Z,CO,18,72,59,NA
568,India,Uttar_Pradesh,Ghaziabad,"Vasundhara, Ghaziabad, UP - UPPCB",2018-06-27T02:00:00Z,OZONE,3,58,12,NA
569,India,Uttar_Pradesh,Greater_Noida,"Knowledge Park - III, Greater Noida - UPPCB",2018-06-27T02:00:00Z,PM2.5,57,250,113,NA
570,India,Uttar_Pradesh,Greater_Noida,"Knowledge Park - III, Greater Noida - UPPCB",2018-06-27T02:00:00Z,PM10,109,268,175,NA
571,India,Uttar_Pradesh,Greater_Noida,"Knowledge Park - III, Greater Noida - UPPCB",2018-06-27T02:00:00Z,NO2,2,86,35,NA
572,India,Uttar_Pradesh,Greater_Noida,"Knowledge Park - III, Greater Noida - UPPCB",2018-06-27T02:00:00Z,NH3,8,12,10,NA
573,India,Uttar_Pradesh,Greater_Noida,"Knowledge Park - III, Greater Noida - UPPCB",2018-06-27T02:00:00Z,SO2,9,39,17,NA
574,India,Uttar_Pradesh,Greater_Noida,"Knowledge Park - III, Greater Noida - UPPCB",2018-06-27T02:00:00Z,CO,19,57,50,NA
575,India,Uttar_Pradesh,Greater_Noida,"Knowledge Park - III, Greater Noida - UPPCB",2018-06-27T02:00:00Z,OZONE,4,43,13,NA
576,India,Uttar_Pradesh,Kanpur,"Nehru Nagar, Kanpur - UPPCB",2018-06-27T02:00:00Z,PM2.5,22,103,68,NA
577,India,Uttar_Pradesh,Kanpur,"Nehru Nagar, Kanpur - UPPCB",2018-06-27T02:00:00Z,NO2,25,82,46,NA
578,India,Uttar_Pradesh,Kanpur,"Nehru Nagar, Kanpur - UPPCB",2018-06-27T02:00:00Z,SO2,8,13,10,NA
579,India,Uttar_Pradesh,Kanpur,"Nehru Nagar, Kanpur - UPPCB",2018-06-27T02:00:00Z,CO,7,119,77,NA
580,India,Uttar_Pradesh,Kanpur,"Nehru Nagar, Kanpur - UPPCB",2018-06-27T02:00:00Z,OZONE,12,58,23,NA
581,India,Uttar_Pradesh,Lucknow,"Central School, Lucknow - CPCB",2018-06-27T02:00:00Z,PM2.5,31,87,56,NA
582,India,Uttar_Pradesh,Lucknow,"Central School, Lucknow - CPCB",2018-06-27T02:00:00Z,NO2,29,44,35,NA
583,India,Uttar_Pradesh,Lucknow,"Central School, Lucknow - CPCB",2018-06-27T02:00:00Z,SO2,1,4,2,NA
584,India,Uttar_Pradesh,Lucknow,"Central School, Lucknow - CPCB",2018-06-27T02:00:00Z,CO,14,115,34,NA
585,India,Uttar_Pradesh,Lucknow,"Central School, Lucknow - CPCB",2018-06-27T02:00:00Z,OZONE,9,46,30,NA
586,India,Uttar_Pradesh,Lucknow,"Lalbagh, Lucknow - CPCB",2018-06-27T02:00:00Z,PM2.5,61,309,161,NA
587,India,Uttar_Pradesh,Lucknow,"Lalbagh, Lucknow - CPCB",2018-06-27T02:00:00Z,NO2,41,71,52,NA
588,India,Uttar_Pradesh,Lucknow,"Lalbagh, Lucknow - CPCB",2018-06-27T02:00:00Z,SO2,5,10,7,NA
589,India,Uttar_Pradesh,Lucknow,"Lalbagh, Lucknow - CPCB",2018-06-27T02:00:00Z,CO,4,114,39,NA
590,India,Uttar_Pradesh,Lucknow,"Lalbagh, Lucknow - CPCB",2018-06-27T02:00:00Z,OZONE,10,66,25,NA
591,India,Uttar_Pradesh,Lucknow,"Nishant Ganj, Lucknow - UPPCB",2018-06-27T02:00:00Z,PM2.5,7,318,178,NA
592,India,Uttar_Pradesh,Lucknow,"Nishant Ganj, Lucknow - UPPCB",2018-06-27T02:00:00Z,NO2,8,22,13,NA
593,India,Uttar_Pradesh,Lucknow,"Nishant Ganj, Lucknow - UPPCB",2018-06-27T02:00:00Z,SO2,12,23,18,NA
594,India,Uttar_Pradesh,Lucknow,"Nishant Ganj, Lucknow - UPPCB",2018-06-27T02:00:00Z,CO,16,103,49,NA
595,India,Uttar_Pradesh,Lucknow,"Nishant Ganj, Lucknow - UPPCB",2018-06-27T02:00:00Z,OZONE,11,55,25,NA
596,India,Uttar_Pradesh,Lucknow,"Talkatora District Industries Center, Lucknow - CPCB",2018-06-27T02:00:00Z,PM2.5,113,369,247,NA
597,India,Uttar_Pradesh,Lucknow,"Talkatora District Industries Center, Lucknow - CPCB",2018-06-27T02:00:00Z,NO2,39,43,41,NA
598,India,Uttar_Pradesh,Lucknow,"Talkatora District Industries Center, Lucknow - CPCB",2018-06-27T02:00:00Z,NH3,9,9,9,NA
599,India,Uttar_Pradesh,Lucknow,"Talkatora District Industries Center, Lucknow - CPCB",2018-06-27T02:00:00Z,SO2,10,23,16,NA
600,India,Uttar_Pradesh,Lucknow,"Talkatora District Industries Center, Lucknow - CPCB",2018-06-27T02:00:00Z,CO,25,40,32,NA
601,India,Uttar_Pradesh,Moradabad,"Lajpat Nagar, Moradabad - UPPCB",2018-06-27T02:00:00Z,PM2.5,54,272,114,NA
602,India,Uttar_Pradesh,Moradabad,"Lajpat Nagar, Moradabad - UPPCB",2018-06-27T02:00:00Z,PM10,86,302,191,NA
603,India,Uttar_Pradesh,Moradabad,"Lajpat Nagar, Moradabad - UPPCB",2018-06-27T02:00:00Z,NO2,21,74,37,NA
604,India,Uttar_Pradesh,Moradabad,"Lajpat Nagar, Moradabad - UPPCB",2018-06-27T02:00:00Z,NH3,8,17,12,NA
605,India,Uttar_Pradesh,Moradabad,"Lajpat Nagar, Moradabad - UPPCB",2018-06-27T02:00:00Z,SO2,11,41,23,NA
606,India,Uttar_Pradesh,Moradabad,"Lajpat Nagar, Moradabad - UPPCB",2018-06-27T02:00:00Z,CO,3,26,14,NA
607,India,Uttar_Pradesh,Moradabad,"Lajpat Nagar, Moradabad - UPPCB",2018-06-27T02:00:00Z,OZONE,28,84,48,NA
608,India,Uttar_Pradesh,Noida,"Sector - 125, Noida, UP - UPPCB",2018-06-27T02:00:00Z,PM2.5,63,192,98,NA
609,India,Uttar_Pradesh,Noida,"Sector - 125, Noida, UP - UPPCB",2018-06-27T02:00:00Z,PM10,118,250,171,NA
610,India,Uttar_Pradesh,Noida,"Sector - 125, Noida, UP - UPPCB",2018-06-27T02:00:00Z,NO2,6,66,41,NA
611,India,Uttar_Pradesh,Noida,"Sector - 125, Noida, UP - UPPCB",2018-06-27T02:00:00Z,NH3,8,15,13,NA
612,India,Uttar_Pradesh,Noida,"Sector - 125, Noida, UP - UPPCB",2018-06-27T02:00:00Z,SO2,5,69,23,NA
613,India,Uttar_Pradesh,Noida,"Sector - 125, Noida, UP - UPPCB",2018-06-27T02:00:00Z,CO,7,76,56,NA
614,India,Uttar_Pradesh,Noida,"Sector - 125, Noida, UP - UPPCB",2018-06-27T02:00:00Z,OZONE,3,50,11,NA
615,India,Uttar_Pradesh,Noida,"Sector - 62, Noida, UP - IMD",2018-06-27T02:00:00Z,PM2.5,NA,NA,NA,NA
616,India,Uttar_Pradesh,Noida,"Sector - 62, Noida, UP - IMD",2018-06-27T02:00:00Z,PM10,NA,NA,NA,NA
617,India,Uttar_Pradesh,Noida,"Sector - 62, Noida, UP - IMD",2018-06-27T02:00:00Z,NO2,NA,NA,NA,NA
618,India,Uttar_Pradesh,Noida,"Sector - 62, Noida, UP - IMD",2018-06-27T02:00:00Z,OZONE,8,33,14,NA
619,India,Uttar_Pradesh,Varanasi,"Ardhali Bazar, Varanasi - UPPCB",2018-06-27T02:00:00Z,PM2.5,43,305,107,NA
620,India,Uttar_Pradesh,Varanasi,"Ardhali Bazar, Varanasi - UPPCB",2018-06-27T02:00:00Z,PM10,51,249,134,NA
621,India,Uttar_Pradesh,Varanasi,"Ardhali Bazar, Varanasi - UPPCB",2018-06-27T02:00:00Z,NO2,18,55,34,NA
622,India,Uttar_Pradesh,Varanasi,"Ardhali Bazar, Varanasi - UPPCB",2018-06-27T02:00:00Z,SO2,11,39,25,NA
623,India,Uttar_Pradesh,Varanasi,"Ardhali Bazar, Varanasi - UPPCB",2018-06-27T02:00:00Z,CO,1,102,59,NA
624,India,Uttar_Pradesh,Varanasi,"Ardhali Bazar, Varanasi - UPPCB",2018-06-27T02:00:00Z,OZONE,15,72,35,NA
625,India,West_Bengal,Durgapur,"Sidhu Kanhu Indoor Stadium, Durgapur - WBPCB",2018-06-27T02:00:00Z,PM10,68,188,129,NA
626,India,West_Bengal,Durgapur,"Sidhu Kanhu Indoor Stadium, Durgapur - WBPCB",2018-06-27T02:00:00Z,NO2,72,90,80,NA
627,India,West_Bengal,Durgapur,"Sidhu Kanhu Indoor Stadium, Durgapur - WBPCB",2018-06-27T02:00:00Z,SO2,12,17,15,NA
628,India,West_Bengal,Durgapur,"Sidhu Kanhu Indoor Stadium, Durgapur - WBPCB",2018-06-27T02:00:00Z,CO,2,110,40,NA
629,India,West_Bengal,Durgapur,"Sidhu Kanhu Indoor Stadium, Durgapur - WBPCB",2018-06-27T02:00:00Z,OZONE,1,28,12,NA
630,India,West_Bengal,Howrah,"Ghusuri, Howrah - WBPCB",2018-06-27T02:00:00Z,PM2.5,NA,NA,NA,NA
631,India,West_Bengal,Howrah,"Ghusuri, Howrah - WBPCB",2018-06-27T02:00:00Z,PM10,NA,NA,NA,NA
632,India,West_Bengal,Howrah,"Ghusuri, Howrah - WBPCB",2018-06-27T02:00:00Z,NO2,NA,NA,NA,NA
633,India,West_Bengal,Howrah,"Ghusuri, Howrah - WBPCB",2018-06-27T02:00:00Z,NH3,NA,NA,NA,NA
634,India,West_Bengal,Howrah,"Ghusuri, Howrah - WBPCB",2018-06-27T02:00:00Z,SO2,NA,NA,NA,NA
635,India,West_Bengal,Howrah,"Ghusuri, Howrah - WBPCB",2018-06-27T02:00:00Z,CO,31,61,43,NA
636,India,West_Bengal,Howrah,"Ghusuri, Howrah - WBPCB",2018-06-27T02:00:00Z,OZONE,5,96,29,NA
637,India,West_Bengal,Howrah,"Padmapukur, Howrah - WBPCB",2018-06-27T02:00:00Z,PM2.5,33,125,69,NA
638,India,West_Bengal,Howrah,"Padmapukur, Howrah - WBPCB",2018-06-27T02:00:00Z,PM10,32,97,58,NA
639,India,West_Bengal,Howrah,"Padmapukur, Howrah - WBPCB",2018-06-27T02:00:00Z,NO2,3,14,8,NA
640,India,West_Bengal,Howrah,"Padmapukur, Howrah - WBPCB",2018-06-27T02:00:00Z,NH3,3,6,4,NA
641,India,West_Bengal,Howrah,"Padmapukur, Howrah - WBPCB",2018-06-27T02:00:00Z,SO2,1,10,3,NA
642,India,West_Bengal,Howrah,"Padmapukur, Howrah - WBPCB",2018-06-27T02:00:00Z,CO,20,64,50,NA
643,India,West_Bengal,Howrah,"Padmapukur, Howrah - WBPCB",2018-06-27T02:00:00Z,OZONE,6,57,20,NA
644,India,West_Bengal,Kolkata,"Victoria, Kolkata - WBPCB",2018-06-27T02:00:00Z,PM2.5,23,88,53,NA
645,India,West_Bengal,Kolkata,"Victoria, Kolkata - WBPCB",2018-06-27T02:00:00Z,PM10,24,73,47,NA
646,India,West_Bengal,Kolkata,"Victoria, Kolkata - WBPCB",2018-06-27T02:00:00Z,NO2,22,95,49,NA
647,India,West_Bengal,Kolkata,"Victoria, Kolkata - WBPCB",2018-06-27T02:00:00Z,NH3,1,1,1,NA
648,India,West_Bengal,Kolkata,"Victoria, Kolkata - WBPCB",2018-06-27T02:00:00Z,SO2,1,9,3,NA
649,India,West_Bengal,Kolkata,"Victoria, Kolkata - WBPCB",2018-06-27T02:00:00Z,CO,14,26,23,NA
650,India,West_Bengal,Kolkata,"Victoria, Kolkata - WBPCB",2018-06-27T02:00:00Z,OZONE,2,66,13,NA
651,India,West_Bengal,Siliguri,"Ward-32 Bapupara, Siliguri - WBPCB",2018-06-27T02:00:00Z,PM2.5,NA,NA,NA,NA
652,India,West_Bengal,Siliguri,"Ward-32 Bapupara, Siliguri - WBPCB",2018-06-27T02:00:00Z,PM10,NA,NA,NA,NA
653,India,West_Bengal,Siliguri,"Ward-32 Bapupara, Siliguri - WBPCB",2018-06-27T02:00:00Z,NO2,NA,NA,NA,NA
654,India,West_Bengal,Siliguri,"Ward-32 Bapupara, Siliguri - WBPCB",2018-06-27T02:00:00Z,NH3,NA,NA,NA,NA
655,India,West_Bengal,Siliguri,"Ward-32 Bapupara, Siliguri - WBPCB",2018-06-27T02:00:00Z,SO2,NA,NA,NA,NA
656,India,West_Bengal,Siliguri,"Ward-32 Bapupara, Siliguri - WBPCB",2018-06-27T02:00:00Z,CO,27,65,49,NA
657,India,West_Bengal,Siliguri,"Ward-32 Bapupara, Siliguri - WBPCB",2018-06-27T02:00:00Z,OZONE,9,49,19,NA
